id,title,released,price,overall,positive%,reviews,tags
730,Counter-Strike 2,"21 Aug, 2012",Free,Very Positive,0.87,7947582,"FPS, Shooter, Multiplayer, Competitive, Action, Team-Based, eSports, Tactical, First-Person, PvP, Online Co-Op, Co-op, Strategy, Military, War, Difficult, Trading, Realistic, Fast-Paced, Moddable"
553850,HELLDIVERS™ 2,"8 Feb, 2024","919.000,00₫",Very Positive,0.82,228227,"Online Co-Op, Action, Multiplayer, Third-Person Shooter, Co-op, Shooter, PvE, Third Person, Sci-fi, Space, Capitalism, Extraction Shooter, Gore, Violent, Comedy, Difficult, Great Soundtrack, Singleplayer, Psychological Horror, Open World"
1086940,Baldur's Gate 3,"3 Aug, 2023","990.000,00₫",Overwhelmingly Positive,0.96,518667,"RPG, Choices Matter, Story Rich, Character Customization, Turn-Based Combat, Dungeons & Dragons, Adventure, CRPG, Fantasy, Online Co-Op, Multiplayer, Romance, Strategy, Singleplayer, Co-op Campaign, Class-Based, Sexual Content, Dark Fantasy, Combat, Controller"
1091500,Cyberpunk 2077,10 déc. 2020,"990.000,00₫",Very Positive,0.82,637723,"Cyberpunk, Monde ouvert, Nudité, RPG, Jeu solo, Science-fiction, Futuriste, FPS, Adulte, Riche en récits, 1ʳᵉ personne, Atmosphère, Exploration, Action, Violence, Super B.O., Action et RPG, Aventure, Personnages personnalisés, Simulation immersive"
1623730,Palworld,19 janv. 2024,"385.000,00₫",Very Positive,0.94,243920,"Multijoueur, Monde ouvert, Survie, Collection de créatures, Survie et fabrication en monde ouvert, Fabrication, Coop, Aventure, Bac à sable, Tir à la 3ᵉ personne, Automatisation, Action, Accès anticipé, RPG, Anime, JcE, 3D, Indépendant, Tir avec butin, Hack 'n' Slash"
578080,PUBG: BATTLEGROUNDS,"21 Dec, 2017",Free,Mixed,0.58,2324042,"Survival, Shooter, Battle Royale, Multiplayer, FPS, PvP, Third-Person Shooter, Action, Online Co-Op, Tactical, Co-op, First-Person, Strategy, Early Access, Competitive, Third Person, Team-Based, Difficult, Simulation, Stealth"
359550,Tom Clancy's Rainbow Six® Siege,1 déc. 2015,"330.000,00₫",Very Positive,0.85,1056535,"FPS, JcJ, E-sport, Multijoueur, Tactique, Tir, Compétitif, Coop en ligne, Action, Tir avec héros et héroïnes, Jeu d'équipe, Militaire, Stratégie, Guerre, 1ʳᵉ personne, Réaliste, Coop, Destruction, Difficile, 3D"
1174180,Red Dead Redemption 2,"5 Dec, 2019","1.000.000,00₫",Very Positive,0.91,504152,"Open World, Story Rich, Western, Adventure, Multiplayer, Action, Realistic, Singleplayer, Shooter, Atmospheric, Horses, Beautiful, Mature, Third-Person Shooter, Great Soundtrack, Third Person, Gore, Sandbox, First-Person, FPS"
2195250,EA SPORTS FC™ 24,"28 Sep, 2023","1.090.000,00₫",Mixed,0.55,44140,"Football (Soccer), Sports, Controller, Multiplayer, PvP, eSports, Competitive, PvE, 3D, Local Multiplayer, Simulation, First-Person, Realistic, Co-op, Online Co-Op, Action, Singleplayer, Local Co-Op, Family Friendly, Early Access"
1203620,Enshrouded,"24 Jan, 2024","385.000,00₫",Very Positive,0.86,38420,"Open World, Survival, Base Building, Multiplayer, Online Co-Op, Crafting, Action RPG, RPG, Adventure, Building, Singleplayer, Exploration, Early Access, Fantasy, Character Customization, Action, Sandbox, PvE, 3D, Indie"
1245620,ELDEN RING,"24 Feb, 2022","990.000,00₫",Very Positive,0.92,587908,"Souls-like, Dark Fantasy, Open World, RPG, Difficult, Action RPG, Third Person, Multiplayer, Fantasy, Singleplayer, Online Co-Op, Action, Co-op, PvP, Atmospheric, Great Soundtrack, Violent, 3D, Character Customization, Family Friendly"
1551360,Forza Horizon 5,"8 Nov, 2021","990.000,00₫",Very Positive,0.88,153987,"Racing, Open World, Driving, Multiplayer, Automobile Sim, Realistic, Adventure, Simulation, Arcade, Exploration, First-Person, Atmospheric, Sports, Co-op, PvP, Online Co-Op, Singleplayer, Beautiful, Action, Third Person"
271590,Grand Theft Auto V,2015 年 4 月 13 日,"608.000,00₫",Very Positive,0.87,1604690,"开放世界, 动作, 多人, 犯罪, 汽车模拟, 第三人称, 第一人称, 成人, 射击, 冒险, 单人, 第三人称射击, 竞速, 合作, 沙盒, 氛围, 欢乐, 好评原声音轨, 喜剧, 可模组化"
990080,Hogwarts Legacy,"10 Feb, 2023","1.290.000,00₫",Very Positive,0.91,184974,"Magic, Fantasy, Open World, Singleplayer, Adventure, RPG, Character Customization, Exploration, Story Rich, Third Person, Action-Adventure, Atmospheric, Action RPG, Action, Combat, Choices Matter, Puzzle, Great Soundtrack, Dark, Family Friendly"
1144200,Ready or Not,2023 年 12 月 13 日,"399.000,00₫",Very Positive,0.88,130151,"战术, 拟真, 第一人称射击, 射击, 多人, 合作, 单人, 第一人称, 恐怖, 动作, 暴力, 枪械改装, 战斗, 犯罪, 现代, 血腥, 氛围, 美国, 合作战役, 抢先体验"
1326470,Sons Of The Forest,"22 Feb, 2024","385.000,00₫",Very Positive,0.86,164883,"Survival, Open World, Multiplayer, Survival Horror, Co-op, Base Building, Crafting, Horror, First-Person, Exploration, Building, Adventure, Singleplayer, Atmospheric, Action-Adventure, Sandbox, Action, Simulation, Early Access, Immersive Sim"
381210,Dead by Daylight,"14 Jun, 2016","230.000,00₫",Very Positive,0.8,515158,"Horror, Survival Horror, Multiplayer, Online Co-Op, Co-op, Survival, Gore, Team-Based, Stealth, Blood, Third Person, Violent, First-Person, Psychological Horror, Action, Atmospheric, Strategy, Comedy, Mature, Difficult"
2670630,Supermarket Simulator,"20 Feb, 2024","180.000,00₫",Very Positive,0.94,12033,"Simulation, Economy, Management, Immersive Sim, Trading, Capitalism, Building, Singleplayer, First-Person, Life Sim, Sandbox, Casual, 3D, Resource Management, Driving, Realistic, Indie, Multiplayer, Inventory Management, Early Access"
1462040,FINAL FANTASY VII REMAKE INTERGRADE,2022 年 6 月 17 日,"1.799.000,00₫",Very Positive,0.89,19773,"角色扮演, 动作角色扮演, 日系角色扮演, 动作冒险, 单人, 团队角色扮演, 华丽格斗, 第三人称, 控制器, 动作, 冒险, 3D, 奇幻, 3D 平台, 魔法, 拟真, 电影式, 剧情, 剧情丰富, 科幻"
1172470,Apex Legends™,"4 Nov, 2020",Free,Mostly Positive,0.78,804289,"Free to Play, Battle Royale, Multiplayer, FPS, Shooter, First-Person, PvP, Action, Hero Shooter, Team-Based, Tactical, Sci-fi, Survival, Loot, Character Customization, Funny, Co-op, Lore-Rich, Cyberpunk, Cinematic"
899770,Last Epoch,"21 Feb, 2024","445.000,00₫",Mostly Positive,0.77,77679,"Action RPG, Loot, Hack and Slash, RPG, Isometric, Multiplayer, Action, Adventure, Co-op, Indie, Dungeon Crawler, Singleplayer, Top-Down, Early Access, Gore, Violent, Fantasy, Character Customization, Magic, Time Travel"
2138330,Cyberpunk 2077: Phantom Liberty,26 sept. 2023,"495.000,00₫",Very Positive,0.89,13482,"RPG, Contenu à caractère sexuel, Cyberpunk, Monde ouvert, Nudité, Riche en récits, Violence, Gore, Jeu solo, Atmosphère, 1ʳᵉ personne, FPS, Action et RPG, Personnages personnalisés, Action, Tir, Choix multiples, Horreur, Infiltration, Super B.O."
582010,Monster Hunter: World,2018 年 8 月 8 日,"550.000,00₫",Very Positive,0.88,256633,"合作, 多人, 动作, 开放世界, 角色扮演, 第三人称, 角色自定义, 冒险, 奇幻, 困难, 动作角色扮演, 单人, 探索, 好评原声音轨, 重玩价值, 氛围, 砍杀, 日系角色扮演, 类魂系列, 大型多人在线角色扮演"
1426210,It Takes Two,"25 Mar, 2021","790.000,00₫",Overwhelmingly Positive,0.95,135604,"Co-op, Multiplayer, Split Screen, Local Co-Op, Puzzle, Online Co-Op, Adventure, Story Rich, Local Multiplayer, Co-op Campaign, Puzzle Platformer, 3D Platformer, Action-Adventure, Platformer, Emotional, Action, Exploration, Atmospheric, Female Protagonist, Minigames"
1158310,Crusader Kings III,"1 Sep, 2020","830.000,00₫",Very Positive,0.91,67820,"Strategy, Simulation, Medieval, Grand Strategy, RPG, Historical, Management, Character Customization, RTS, Life Sim, Sandbox, Choices Matter, War, Singleplayer, 4X, Economy, Moddable, Political, Multiplayer, Real-Time with Pause"
230410,Warframe,"25 Mar, 2013",Free,Very Positive,0.87,567224,"Free to Play, Action RPG, Looter Shooter, Third-Person Shooter, Action, RPG, Third Person, Character Customization, Massively Multiplayer, Online Co-Op, Co-op, Singleplayer, PvE, Sci-fi, Space, Shooter, Lore-Rich, Hack and Slash, Parkour, Ninja"
1966720,Lethal Company,"23 Oct, 2023","142.000,00₫",Overwhelmingly Positive,0.97,292169,"Online Co-Op, Horror, First-Person, Co-op, Survival Horror, Psychological Horror, Exploration, Sci-fi, PvE, Atmospheric, Procedural Generation, Funny, Aliens, Time Management, Adventure, Dungeon Crawler, Action, Early Access, Action-Adventure, Perma Death"
1222670,The Sims™ 4,"18 Jun, 2020",Free,Very Positive,0.87,130047,"Life Sim, Character Customization, Building, Romance, Sandbox, Singleplayer, Simulation, Multiplayer, Dating Sim, Relaxing, Immersive Sim, Casual, Cute, Funny, Realistic, Family Friendly, Adventure, Cartoony, Free to Play, Fantasy"
252490,Rust,"8 Feb, 2018","510.000,00₫",Very Positive,0.87,853255,"Survival, Crafting, Multiplayer, Open World, Open World Survival Craft, Building, PvP, Sandbox, Adventure, First-Person, Action, Nudity, FPS, Shooter, Co-op, Online Co-Op, Indie, Early Access, Post-apocalyptic, Simulation"
814380,Sekiro™: Shadows Die Twice - GOTY Edition,"21 Mar, 2019","1.290.000,00₫",Overwhelmingly Positive,0.95,196759,"Souls-like, Difficult, Action, Singleplayer, Ninja, Stealth, Adventure, Third Person, Open World, Story Rich, Violent, Atmospheric, Assassin, Dark Fantasy, Hack and Slash, RPG, Great Soundtrack, Gore, Rhythm, Dark"
881020,Granblue Fantasy: Relink,2024 年 1 月 31 日,"1.020.000,00₫",Very Positive,0.89,26794,"动漫, 动作, 动作角色扮演, 日系角色扮演, 在线合作, 奇幻, 多人, 角色扮演, 第三人称, 单人, 女性主角, 华丽格斗, 3D, 控制器, 砍杀, 龙, 教程, 魔法, 剑术, 玩家对战环境"
2072450,人中之龙８,2024 年 1 月 25 日,"1.300.000,00₫",Very Positive,0.91,6504,"动作, 冒险, 日系角色扮演, 回合制战斗, 喜剧, 色情内容, 情感, 动作角色扮演, 欢乐, 剧情丰富, 单人, 暴力, 动作冒险, 回合制, 清版动作, 血腥, 角色扮演, 武术, 彩色, 砍杀"
570,Dota 2,"9 Jul, 2013",Free,Very Positive,0.81,2195083,"Free to Play, MOBA, Multiplayer, Strategy, eSports, Team-Based, Competitive, Action, Online Co-Op, PvP, Difficult, Co-op, RTS, RPG, Tower Defense, Fantasy, Character Customization, Replay Value, Action RPG, Simulation"
394360,Hearts of Iron IV,"6 Jun, 2016","664.000,00₫",Very Positive,0.91,198727,"Strategy, World War II, Grand Strategy, War, Historical, Military, Alternate History, Multiplayer, Simulation, Tactical, Real-Time with Pause, Singleplayer, RTS, Diplomacy, Sandbox, Co-op, Hentai, Strategy RPG, Competitive, Open World"
1687950,Persona 5 Royal,"20 Oct, 2022","1.380.000,00₫",Overwhelmingly Positive,0.97,42489,"JRPG, Story Rich, Turn-Based Combat, Anime, Great Soundtrack, RPG, Party-Based RPG, Singleplayer, Dating Sim, Multiple Endings, Turn-Based Strategy, Emotional, Visual Novel, Colorful, Sexual Content, Adventure, Heist, Soundtrack, Detective, Violent"
236390,War Thunder,"15 Aug, 2013",Free,Mostly Positive,0.75,469423,"Free to Play, Vehicular Combat, Combat, World War II, VR, Flight, War, Military, Tanks, Naval Combat, Simulation, Modern, Massively Multiplayer, Cold War, Action, Realistic, Shooter, Multiplayer, Third-Person Shooter, Third Person"
2379780,Balatro,"20 Feb, 2024","205.000,00₫",Overwhelmingly Positive,0.97,17778,"Roguelike Deckbuilder, Card Game, Deckbuilding, Roguelike, Singleplayer, Card Battler, Turn-Based, Strategy, Choices Matter, Replay Value, Pixel Graphics, Casual, Roguelite, Turn-Based Strategy, Difficult, 2D, Simulation, Procedural Generation, Relaxing, Arcade"
306130,The Elder Scrolls® Online,"22 May, 2017","450.000,00₫",Very Positive,0.83,118440,"RPG, MMORPG, Open World, Adventure, Fantasy, Exploration, Multiplayer, Singleplayer, Massively Multiplayer, Action, Character Customization, PvP, PvE, Lore-Rich, Story Rich, Choose Your Own Adventure, Action RPG, Magic, Class-Based, Atmospheric"
1142710,Total War: WARHAMMER III,"16 Feb, 2022","1.061.500,00₫",Mixed,0.61,53600,"Strategy, Turn-Based Strategy, Grand Strategy, RTS, Fantasy, Real Time Tactics, Dark Fantasy, War, Action, Tactical, Atmospheric, Games Workshop, Dwarf, Multiplayer, Colorful, PvP, Co-op, Singleplayer, Story Rich, Online Co-Op"
2427700,背包乱斗：福西法的宝藏 Backpack Battles,2024 年 3 月 8 日,"180.000,00₫",Overwhelmingly Positive,0.95,3788,"抢先体验, 自走棋, 策略, 库存管理, 玩家对战, 多人, 牌组构建式类 Rogue, 异步多人, 独立, 战术, 卡牌战斗, 战斗, 刷宝, 回合制, 类 Rogue, 重玩价值, 2D, 手绘, 可爱, 温馨惬意"
1085660,Destiny 2,"1 Oct, 2019",Free,Very Positive,0.8,586188,"Free to Play, Open World, FPS, Looter Shooter, MMORPG, Co-op, Multiplayer, PvE, PvP, Shooter, Massively Multiplayer, Loot, First-Person, Sci-fi, Action, Lore-Rich, Adventure, Space, Competitive, Atmospheric"
227300,Euro Truck Simulator 2,"12 Oct, 2012","280.000,00₫",Overwhelmingly Positive,0.97,550457,"Driving, Transportation, Simulation, Open World, Automobile Sim, Realistic, Moddable, Relaxing, Immersive Sim, Exploration, Economy, Management, Atmospheric, Multiplayer, Controller, Family Friendly, Third Person, Adventure, Casual, Indie"
2344520,Diablo® IV,"17 Oct, 2023","1.680.000,00₫",Mixed,0.68,13782,"Action RPG, Hack and Slash, RPG, Isometric, Online Co-Op, Singleplayer, Co-op, Action, Third Person, Loot, Fantasy, Multiplayer, PvE, Story Rich, Dungeon Crawler, Dark Fantasy, Point & Click, Gore, Exploration, Violent"
1203220,永劫无间,2021 年 8 月 11 日,Free,Mostly Positive,0.75,208446,"大逃杀, 多人, 武术, 玩家对战, 动作, 女性主角, 格斗, 大型多人在线, 第三人称, 生存, 角色自定义, 砍杀, 剑术, 跑酷, 动漫, 冒险, 成人, 免费开玩, 暴力, 血腥"
1517290,战地风云™ 2042,2021 年 11 月 19 日,"990.000,00₫",Mixed,0.45,192541,"第一人称射击, 射击, 军事, 多人, 战争, 动作, 第一人称, 战斗, 团队导向, 玩家对战, 单人, 未来, 车辆作战, 现代, 破坏, 物理, 电影式, 冒险, 英雄射击, 休闲"
1172620,Sea of Thieves: 2024 Edition,"3 Jun, 2020","400.000,00₫",Very Positive,0.9,274106,"Multiplayer, Adventure, Open World, Pirates, Co-op, Online Co-Op, Action, PvP, Sailing, First-Person, Exploration, Naval, Funny, PvE, Massively Multiplayer, Atmospheric, FPS, Swordplay, Great Soundtrack, Singleplayer"
413150,Stardew Valley,2016 年 2 月 26 日,"165.000,00₫",Overwhelmingly Positive,0.98,558268,"农场模拟, 生活模拟, 像素图形, 多人, 角色扮演, 放松, 农业, 模拟, 制作, 沙盒, 独立, 建造, 单人, 休闲, 开放世界, 2D, 可爱, 恋爱模拟, 好评原声音轨, 钓鱼"
108600,Project Zomboid,"8 Nov, 2013","260.000,00₫",Very Positive,0.94,214180,"Survival, Zombies, Open World, Open World Survival Craft, Multiplayer, Sandbox, Post-apocalyptic, Co-op, Crafting, Indie, Building, Simulation, RPG, Survival Horror, Realistic, Isometric, Singleplayer, 2D, Adventure, Early Access"
2073850,THE FINALS,"7 Dec, 2023",Free,Mostly Positive,0.75,146620,"Multiplayer, Shooter, Free to Play, FPS, Destruction, PvP, First-Person, Team-Based, Action, Character Customization, Tactical, Capitalism, Class-Based, Combat, Realistic, Choices Matter, Loot, Gun Customization, Crafting, Battle Royale"
1778820,TEKKEN 8,26 janv. 2024,"998.000,00₫",Very Positive,0.87,13798,"Combat, Action, Combat 3D, Multijoueur, E-sport, Multijoueur local, Arcade, JcJ, Jeu solo, Casual, Compétitif, Super B.O., Difficile, Personnages personnalisés, Anime, Riche en récits, Contenu à caractère sexuel, Arts martiaux, Contrôleur, Nudité"
289070,Sid Meier’s Civilization® VI,"20 Oct, 2016","705.000,00₫",Very Positive,0.86,218871,"Strategy, Turn-Based Strategy, Multiplayer, Historical, Singleplayer, Grand Strategy, Turn-Based, 4X, War, Simulation, City Builder, Tactical, Building, Management, Great Soundtrack, Moddable, Online Co-Op, Co-op, Hex Grid, Atmospheric"
281990,Stellaris,"9 May, 2016","664.000,00₫",Very Positive,0.88,113663,"Space, Grand Strategy, Strategy, Sci-fi, 4X, Exploration, Sandbox, Simulation, Multiplayer, Real-Time with Pause, Singleplayer, Moddable, Diplomacy, Management, Futuristic, Military, Replay Value, Great Soundtrack, Procedural Generation, Atmospheric"
594650,Hunt: Showdown,2019 年 8 月 27 日,"499.000,00₫",Very Positive,0.82,153189,"开放世界, 撤离射击, 氛围, 战术, 多人, 第一人称射击, 永久死亡, 射击, 玩家对战, 西部, 恐怖, 生存恐怖, 在线合作, 困难, 合作, 大逃杀, 团队导向, 动作, 血腥, 僵尸"
1868140,DAVE THE DIVER,"28 Jun, 2023","260.000,00₫",Overwhelmingly Positive,0.97,86859,"Pixel Graphics, Casual, Adventure, Management, RPG, Relaxing, Fishing, Simulation, Exploration, Underwater, Singleplayer, Farming Sim, Crafting, 2D, Roguelite, Story Rich, Funny, Agriculture, Action, Indie"
292030,巫师 3：狂猎,2015 年 5 月 18 日,"660.000,00₫",Overwhelmingly Positive,0.96,698599,"开放世界, 角色扮演, 剧情丰富, 氛围, 成人, 奇幻, 冒险, 单人, 裸露, 选择取向, 好评原声音轨, 第三人称, 中世纪, 动作, 多结局, 动作角色扮演, 魔法, 黑暗奇幻, 黑暗, 沙盒"
1774580,STAR WARS Jedi: Survivor™,"27 Apr, 2023","1.090.000,00₫",Mixed,0.66,44358,"Action, Adventure, Souls-like, Singleplayer, Third Person, Sci-fi, Action-Adventure, Open World, Space, Story Rich, Swordplay, Parkour, Exploration, Combat, Character Customization, RPG, Atmospheric, Great Soundtrack, Difficult, Multiplayer"
2519060,Call of Duty®: Modern Warfare® III,"10 Nov, 2023","1.799.000,00₫",Mostly Negative,0.32,7564,"Action, FPS, Shooter, Multiplayer, Singleplayer, First-Person, Military, PvP, War, Modern, Tactical, Co-op, Violent, Online Co-Op, Gore, Story Rich, Realistic, Open World, Combat, PvE"
1675200,,,,,,,
2054970,Dragon's Dogma 2,"21 Mar, 2024","1.666.000,00₫",,,,"RPG, Action, Open World, Action RPG, Adventure, Dragons, Fantasy, Action-Adventure, Singleplayer, Magic, Medieval, Swordplay, Artificial Intelligence, Physics, Lore-Rich, Third Person, 3D, Character Customization, PvE, Exploration"
311210,Call of Duty®: Black Ops III,"5 Nov, 2015","1.363.500,00₫",Very Positive,0.87,119967,"Multiplayer, FPS, Zombies, Shooter, Action, First-Person, Singleplayer, Co-op, Futuristic, Illuminati, Hero Shooter, Robots, Sci-fi, Gore, Great Soundtrack, Story Rich, Atmospheric, Parkour, Quick-Time Events, Simulation"
1118010,Monster Hunter World: Iceborne,"9 Jan, 2020","733.000,00₫",Mixed,0.57,16155,"Action, Multiplayer, Co-op, Open World, Hunting, Difficult, Third Person, Adventure, Singleplayer, Online Co-Op, RPG, Character Customization, Exploration, Dragons, Hack and Slash, Story Rich, PvE, JRPG, Souls-like, Dinosaurs"
2050650,Resident Evil 4,"23 Mar, 2023","952.000,00₫",Overwhelmingly Positive,0.97,82440,"Horror, Action, Survival Horror, Third-Person Shooter, Zombies, Singleplayer, Story Rich, Survival, Cinematic, Dark, Realistic, Remake, Resource Management, Gore, Adventure, 3D, Psychological Horror, Third Person, Action-Adventure, Violent"
294100,RimWorld,"17 Oct, 2018","350.000,00₫",Overwhelmingly Positive,0.98,151868,"Colony Sim, Base Building, Survival, Strategy, Sandbox, Management, Building, Simulation, Singleplayer, City Builder, Moddable, Open World, Procedural Generation, 2D, Sci-fi, Indie, Space, Tactical RPG, Western, Cartoony"
976730,Halo: The Master Chief Collection,"3 Dec, 2019","949.000,00₫",Very Positive,0.92,202450,"Great Soundtrack, FPS, Classic, Multiplayer, Story Rich, Sci-fi, Co-op, First-Person, Epic, Shooter, Action, Singleplayer, Aliens, Lore-Rich, Beautiful, Space, Atmospheric, Adventure, Horror, Online Co-Op"
648800,Raft,"20 Jun, 2022","188.000,00₫",Very Positive,0.93,258136,"Survival, Multiplayer, Open World Survival Craft, Co-op, Crafting, Open World, Building, Base Building, Online Co-Op, Adventure, Sandbox, First-Person, Singleplayer, Early Access, Underwater, Simulation, Action, Indie, Strategy, Massively Multiplayer"
1293830,极限竞速：地平线 4,2021 年 3 月 9 日,"480.000,00₫",Very Positive,0.89,196390,"竞速, 开放世界, 驾驶, 多人, 汽车模拟, 在线合作, 拟真, 单人, 控制器, 冒险, 街机, 模拟, 玩家对战, 探索, 动作, 体育, 氛围, 好评原声音轨, 第一人称, 欢乐"
2161700,Persona 3 Reload,"1 Feb, 2024","1.200.000,00₫",Overwhelmingly Positive,0.95,12144,"JRPG, RPG, Party-Based RPG, Adventure, Anime, Strategy, Turn-Based Strategy, Dating Sim, Strategy RPG, Visual Novel, Dark, Emotional, Story Rich, Colorful, Mystery, Turn-Based Combat, Detective, Supernatural, Multiple Endings, Heist"
105600,Terraria,"16 May, 2011","142.000,00₫",Overwhelmingly Positive,0.97,1005266,"Open World Survival Craft, Sandbox, Survival, 2D, Multiplayer, Adventure, Pixel Graphics, Crafting, Building, Exploration, Co-op, Open World, Online Co-Op, Indie, Action, RPG, Singleplayer, Replay Value, Platformer, Atmospheric"
489830,The Elder Scrolls V: Skyrim Special Edition,"27 Oct, 2016","499.000,00₫",Very Positive,0.93,156143,"Open World, RPG, Adventure, Singleplayer, Fantasy, Character Customization, Moddable, Dragons, Story Rich, Magic, First-Person, Action, Atmospheric, Great Soundtrack, Third Person, Stealth, Classic, Remake, Female Protagonist, Walking Simulator"
1446780,MONSTER HUNTER RISE,"12 Jan, 2022","881.000,00₫",Very Positive,0.81,59235,"Action, RPG, Online Co-Op, Hunting, Multiplayer, Character Customization, Action RPG, Co-op, Singleplayer, JRPG, Third Person, PvE, Fantasy, Anime, 3D, Nature, Dragons, Atmospheric, Ninja, Story Rich"
1627720,Lies of P,18 sept. 2023,"1.050.000,00₫",Very Positive,0.92,23850,"De type Souls, Action, Dark Fantasy, Exploration, Action et RPG, 3ᵉ personne, Jeu solo, Aventure, Riche en récits, Sombre, 3D, Steampunk, Atmosphère, RPG, Choix multiples, Fins multiples, Violence, Gothique, Rejouabilité, Monde ouvert"
1364780,Street Fighter™ 6,"1 Jun, 2023","1.322.000,00₫",Very Positive,0.86,22617,"2D Fighter, Fighting, Character Customization, Action, Arcade, Adventure, Multiplayer, Competitive, PvP, Open World, eSports, Singleplayer, Action RPG, Local Multiplayer, Controller, 3D, Sandbox, Great Soundtrack, 3D Fighter, Martial Arts"
2186680,"Warhammer 40,000: Rogue Trader","7 Dec, 2023","585.000,00₫",Mostly Positive,0.76,10080,"Choices Matter, Co-op Campaign, Games Workshop, Open World, Dark Fantasy, Tabletop, CRPG, Story Rich, Character Customization, Turn-Based Combat, RPG, Adventure, Warhammer 40K, Fantasy, Online Co-Op, Romance, Isometric, Strategy RPG, Collectathon, Turn-Based Strategy"
397540,Borderlands 3,"13 Mar, 2020","990.000,00₫",Very Positive,0.85,101099,"RPG, Looter Shooter, Multiplayer, Action, FPS, Loot, Online Co-Op, Open World, Co-op, Shooter, Singleplayer, Co-op Campaign, Gore, First-Person, Violent, Adventure, Nudity, Comedy, Great Soundtrack, Epic"
1593500,God of War,"14 Jan, 2022","1.159.000,00₫",Overwhelmingly Positive,0.96,88680,"Action, Singleplayer, Story Rich, Adventure, Mythology, Third Person, Combat, RPG, Hack and Slash, Violent, Fantasy, Open World, Exploration, Atmospheric, Gore, Action RPG, Emotional, Souls-like, 3D, PvE"
261550,Mount & Blade II: Bannerlord,"25 Oct, 2022","800.000,00₫",Very Positive,0.88,186807,"Medieval, Strategy, Open World, RPG, War, Sandbox, Multiplayer, Singleplayer, Action, Character Customization, Simulation, Moddable, Adventure, Horses, Realistic, Third Person, First-Person, Historical, Great Soundtrack, Early Access"
250900,The Binding of Isaac: Rebirth,"4 Nov, 2014","165.000,00₫",Overwhelmingly Positive,0.97,252335,"Action Roguelike, Roguelike, Indie, Replay Value, Difficult, Pixel Graphics, Dungeon Crawler, Great Soundtrack, Singleplayer, Dark, 2D, Remake, Local Co-Op, Gore, Procedural Generation, Roguelite, Atmospheric, Action, Co-op, Horror"
1260320,Party Animals,"20 Sep, 2023","310.000,00₫",Mostly Positive,0.76,32452,"Casual, Multiplayer, Funny, Cute, Party Game, Action, Fighting, PvP, Co-op, Party, Family Friendly, Online Co-Op, Physics, 3D Fighter, Local Multiplayer, 4 Player Local, Indie, Team-Based, Local Co-Op, Action-Adventure"
582660,Black Desert,"5 Sep, 2023","80.000,00₫",Mostly Positive,0.76,53629,"MMORPG, Massively Multiplayer, Open World, RPG, Character Customization, Adventure, Fantasy, Action, Strategy, 3D, Medieval, Crafting, Atmospheric, Simulation, Magic, Multiplayer, Cooking, PvP, War, Combat"
284160,BeamNG.drive,"29 May, 2015","220.000,00₫",Overwhelmingly Positive,0.97,215482,"Simulation, Driving, Realistic, Physics, Destruction, Automobile Sim, Open World, Sandbox, Racing, Moddable, Multiplayer, Singleplayer, Early Access, First-Person, Third Person, Exploration, Funny, Action, Adventure, Flight"
813780,Age of Empires II: Definitive Edition,"14 Nov, 2019","300.000,00₫",Very Positive,0.94,123899,"Strategy, RTS, City Builder, Multiplayer, Base Building, Historical, Singleplayer, Medieval, Resource Management, Classic, Tactical, Real-Time, Co-op, Remake, Isometric, 2D, Replay Value, Action, Adventure, Great Soundtrack"
270880,American Truck Simulator,"2 Feb, 2016","280.000,00₫",Overwhelmingly Positive,0.97,119452,"Automobile Sim, Driving, Open World, Transportation, Simulation, America, Realistic, Moddable, Relaxing, Exploration, Economy, Management, Atmospheric, Immersive Sim, Multiplayer, Singleplayer, Adventure, Casual, Family Friendly, Level Editor"
1250410,Microsoft Flight Simulator 40th Anniversary Edition,"17 Aug, 2020","1.340.000,00₫",Mostly Positive,0.78,53663,"Simulation, Flight, Realistic, Open World, Multiplayer, VR, Singleplayer, Atmospheric, Real-Time, Physics, Adventure, Colorful, Family Friendly, Beautiful, TrackIR, Surreal, Controller, Epic, Short, Psychological Horror"
1817070,Marvel’s Spider-Man Remastered,"12 Aug, 2022","1.399.000,00₫",Overwhelmingly Positive,0.96,65139,"Superhero, Open World, Action, Singleplayer, Story Rich, Adventure, Combat, Action-Adventure, Third Person, Parkour, Comic Book, Exploration, Beautiful, Stealth, Great Soundtrack, Funny, Atmospheric, Sci-fi, Multiplayer, Controller"
2273430,BlazBlue Entropy Effect,"14 Feb, 2024","260.000,00₫",Very Positive,0.92,13169,"Action Roguelike, Metroidvania, Action-Adventure, Platformer, 2D, Action, Pixel Graphics, Replay Value, Procedural Generation, Roguelite, Indie, Beat 'em up, Cyberpunk, Post-apocalyptic, Story Rich, Multiple Endings, Roguelike, 2D Fighter, Roguevania, Anime"
1237970,Titanfall® 2,"18 Jun, 2020","700.000,00₫",Overwhelmingly Positive,0.95,183649,"FPS, Mechs, Multiplayer, Shooter, Action, Singleplayer, Parkour, Sci-fi, First-Person, Futuristic, PvP, Combat, Military, Fast-Paced, Team-Based, Time Travel, Hero Shooter, Violent, Co-op, Gore"
1238810,《战地风云 5》,2020 年 10 月 22 日,"890.000,00₫",Mostly Positive,0.71,171944,"第一人称射击, 多人, 二战, 单人, 射击, 战争, 军事, 第一人称, 战斗, 玩家对战, 大型多人在线, 开放世界, 动作, 历史, 破坏, 大逃杀, 氛围, 暴力, 色情内容, 女性主角"
1151340,Fallout 76,"14 Apr, 2020","900.000,00₫",Mostly Positive,0.75,50889,"Open World, Dark Comedy, RPG, Post-apocalyptic, Multiplayer, Capitalism, Survival, Base Building, Co-op, Shooter, Horror, MMORPG, Exploration, Gore, FPS, Violent, Atmospheric, Singleplayer, Early Access, Great Soundtrack"
431960,Wallpaper Engine：壁纸引擎,2018 年 11 月,"70.000,00₫",Overwhelmingly Positive,0.98,701355,"成人, 实用工具, 软件, 动漫, 设计与插画, 动画制作和建模, 工作场所不宜, 独立, 第一人称, 网络梗, 可爱, 动作, 单人, 欢乐, 抢先体验, 照片编辑, 沙盒, 恐怖, 游戏开发, 游戏相关"
518790,《猎人：荒野的召唤™》,2017 年 2 月 16 日,"260.000,00₫",Very Positive,0.88,127563,"狩猎, 开放世界, 第一人称, 模拟, 多人, 自然, 潜行, 放松, 沙盒, 拟真, 生存, 在线合作, 第一人称射击, 美国, 合作, 步行模拟, 沉浸式模拟, 体育, 射击, 控制器"
1282100,REMNANT II®,"25 Jul, 2023","830.000,00₫",Very Positive,0.84,33713,"Souls-like, Action, Adventure, RPG, Co-op, Third-Person Shooter, Shooter, Dark, Action-Adventure, Post-apocalyptic, Multiplayer, Combat, Third Person, Online Co-Op, Horror, Atmospheric, PvE, Controller, Singleplayer, Gore"
242760,The Forest,"30 Apr, 2018","188.000,00₫",Overwhelmingly Positive,0.95,451052,"Open World Survival Craft, Survival, Open World, Horror, Crafting, Adventure, Building, Survival Horror, First-Person, Action, Exploration, Sandbox, Singleplayer, Atmospheric, Simulation, Gore, Realistic, Indie, Zombies, Early Access"
264710,Subnautica,"23 Jan, 2018","385.000,00₫",Overwhelmingly Positive,0.96,237257,"Open World Survival Craft, Survival, Horror, Open World, Exploration, Underwater, Crafting, Base Building, Singleplayer, Adventure, First-Person, Sci-fi, Sandbox, Atmospheric, Aliens, Survival Horror, Multiplayer, Action, Indie, Early Access"
916440,Anno 1800,Apr 2019,"990.000,00₫",Very Positive,0.82,14163,"City Builder, Strategy, Simulation, Economy, Multiplayer, Resource Management, Sandbox, RTS, Exploration, Singleplayer, Political, Historical, Co-op, Management, Choose Your Own Adventure, Building, Politics, Choices Matter, Story Rich, Multiple Endings"
1151640,Horizon Zero Dawn™ Complete Edition,"7 Aug, 2020","1.159.000,00₫",Very Positive,0.87,84171,"Open World, Adventure, Singleplayer, Female Protagonist, RPG, Story Rich, Action, Post-apocalyptic, Sci-fi, Robots, Third Person, Exploration, Beautiful, Atmospheric, Action RPG, Archery, Great Soundtrack, Hunting, Stealth, Dinosaurs"
548430,Deep Rock Galactic,"13 May, 2020","250.000,00₫",Overwhelmingly Positive,0.97,223479,"Dwarf, Co-op, PvE, FPS, Procedural Generation, Class-Based, Exploration, Shooter, First-Person, Loot, Sci-fi, Space, Action, Atmospheric, Looter Shooter, Combat, Survival, Horror, Dark, Action Roguelike"
221100,DayZ,"13 Dec, 2018","1.000.000,00₫",Mostly Positive,0.76,317750,"Survival, Multiplayer, Zombies, Open World, Action, PvP, Shooter, Massively Multiplayer, Horror, Post-apocalyptic, Simulation, FPS, Early Access, First-Person, Survival Horror, Sandbox, Adventure, Co-op, Atmospheric, Indie"
534380,Dying Light 2 Stay Human: Reloaded Edition,"3 Feb, 2022","990.000,00₫",Mostly Positive,0.78,124196,"Open World, Co-op, Zombies, Parkour, Multiplayer, Horror, Combat, Exploration, Gore, Post-apocalyptic, First-Person, Survival, Action RPG, Singleplayer, Adventure, Action, Action-Adventure, Violent, Multiple Endings, Choices Matter"
1888930,The Last of Us™ Part I,"28 Mar, 2023","1.399.000,00₫",Mostly Positive,0.7,28620,"Shooter, Third-Person Shooter, Action-Adventure, Story Rich, Post-apocalyptic, Horror, Third Person, Survival, Zombies, Thriller, Action, Emotional, Atmospheric, Adventure, Cinematic, Drama, Survival Horror, Singleplayer, Remake, Soundtrack"
851850,DRAGON BALL Z: KAKAROT,"16 Jan, 2020","800.000,00₫",Very Positive,0.93,36184,"Action, RPG, Anime, Open World, Multiplayer, Fighting, Singleplayer, Story Rich, Adventure, JRPG, Controller, Great Soundtrack, Action RPG, Fantasy, Beat 'em up, Dragons, Third Person, Atmospheric, Character Customization, Difficult"
322330,饥荒联机版,2016 年 4 月 21 日,"165.000,00₫",Overwhelmingly Positive,0.95,302240,"生存, 开放世界生存制作, 多人, 合作, 开放世界, 冒险, 制作, 在线合作, 沙盒, 困难, 独立, 2D, 氛围, 欢乐, 生存恐怖, 策略, 恐怖, 单人, 动作, 类 Rogue"
1313140,Cult of the Lamb,"11 Aug, 2022","400.000,00₫",Very Positive,0.94,63965,"Base Building, Cute, Action Roguelike, Character Customization, Singleplayer, Dungeon Crawler, Roguelite, Dark Humor, Colony Sim, Building, Adventure, 2D, Action, Fantasy, Faith, Funny, Controller, Strategy, Colorful, Third Person"
588650,Dead Cells,"6 Aug, 2018","220.000,00₫",Overwhelmingly Positive,0.97,127111,"Adventure, Action Roguelike, Pixel Graphics, Metroidvania, 2D, Roguelike, Souls-like, Roguelite, Hack and Slash, Replay Value, Difficult, Platformer, Roguevania, Singleplayer, Action, Dark Fantasy, Atmospheric, Procedural Generation, Funny, Indie"
1659040,HITMAN 3,"20 Jan, 2022","385.000,00₫",Very Positive,0.85,19711,"Stealth, Action, Assassin, Singleplayer, Sandbox, VR, Violent, Shooter, Adventure, Third-Person Shooter, Third Person, Realistic, Cinematic, Funny, Puzzle, Gore, Immersive Sim, Open World, Multiplayer, Capitalism"
2208920,Assassin's Creed Valhalla,"6 Dec, 2022","990.000,00₫",Mostly Positive,0.71,18291,"Action, Open World, RPG, Adventure, Sexual Content, Singleplayer, Vikings, Multiplayer, Action-Adventure, Nudity, Third Person, Stealth, Violent, Action RPG, Assassin, Story Rich, Gore, Historical, Female Protagonist, Atmospheric"
2315690,WWE 2K24,"7 Mar, 2024","1.000.000,00₫",Mixed,0.61,1263,"Simulation, Sports, Wrestling, Fighting, Character Customization, Singleplayer, PvP, Co-op, Local Co-Op, Online Co-Op, Multiplayer, Controller, Local Multiplayer, Casual, 3D Fighter, 3D, Realistic, Sandbox"
1466860,Age of Empires IV: Anniversary Edition,"28 Oct, 2021","480.000,00₫",Very Positive,0.87,49006,"Strategy, RTS, Base Building, War, Multiplayer, Singleplayer, Medieval, Resource Management, City Builder, Historical, Action RTS, PvP, PvE, 3D, Co-op, Isometric, Management, Open World, Online Co-Op, Mature"
2321470,Deep Rock Galactic: Survivor,"14 Feb, 2024","142.000,00₫",Very Positive,0.84,16867,"Dwarf, Action Roguelike, Bullet Hell, Top-Down Shooter, Roguelite, PvE, Arena Shooter, Action, Procedural Generation, Top-Down, Arcade, Sci-fi, Space, Score Attack, Aliens, Atmospheric, Singleplayer, Combat, Early Access, Dark"
377160,Fallout 4,"9 Nov, 2015","450.000,00₫",Very Positive,0.83,215677,"Open World, Post-apocalyptic, Singleplayer, Exploration, RPG, Adventure, Atmospheric, Shooter, First-Person, Story Rich, Action, Sci-fi, FPS, Action RPG, Sandbox, Great Soundtrack, Third Person, Survival, Third-Person Shooter, Character Customization"
1465360,SnowRunner,"17 May, 2021","400.000,00₫",Very Positive,0.89,26089,"Simulation, Automobile Sim, Adventure, Exploration, Driving, Realistic, Sandbox, Multiplayer, Open World, First-Person, Third Person, Immersive Sim, Atmospheric, Snow, Racing, Nature, Physics, ATV, PvE, Team-Based"
2399830,ARK: Survival Ascended,"25 Oct, 2023","1.305.000,00₫",Mixed,0.58,42280,"Early Access, Survival, Open World, Dinosaurs, Adventure, Multiplayer, Building, Action, Crafting, Base Building, Sandbox, Character Customization, PvE, PvP, Singleplayer, Massively Multiplayer, Inventory Management, RPG, Sci-fi, Fantasy"
546560,Half-Life: Alyx,"23 Mar, 2020","705.000,00₫",Overwhelmingly Positive,0.98,76083,"VR, FPS, Story Rich, Horror, Female Protagonist, Shooter, Singleplayer, First-Person, Action, Sci-fi, Atmospheric, Zombies, Beautiful, Aliens, Adventure, Futuristic, Psychological Horror, Memes, Great Soundtrack, Gore"
812140,Assassin's Creed® Odyssey,"5 Oct, 2018","990.000,00₫",Very Positive,0.89,135889,"Open World, RPG, Historical, Singleplayer, Action, Assassin, Third Person, Adventure, Mythology, Multiple Endings, Stealth, Story Rich, Female Protagonist, Parkour, Exploration, Choices Matter, Action RPG, Action-Adventure, Multiplayer, Choose Your Own Adventure"
236850,Europa Universalis IV,"13 Aug, 2013","664.000,00₫",Very Positive,0.86,84384,"Grand Strategy, Strategy, Historical, Simulation, 4X, Alternate History, Wargame, Diplomacy, Military, Economy, Replay Value, Sandbox, Political, Real-Time with Pause, Moddable, Nonlinear, Co-op, Management, Singleplayer, Multiplayer"
1145360,Hades,"17 Sep, 2020","321.000,00₫",Overwhelmingly Positive,0.98,227591,"Action Roguelike, Roguelite, Hack and Slash, Indie, Action, Mythology, Roguelike, Great Soundtrack, Singleplayer, RPG, Story Rich, Dungeon Crawler, Replay Value, Isometric, Difficult, Action RPG, Hand-drawn, Atmospheric, Perma Death, LGBTQ+"
1669000,Age of Wonders 4,"2 May, 2023","830.000,00₫",Very Positive,0.81,9860,"Strategy, 4X, Character Customization, RPG, Choices Matter, Strategy RPG, Fantasy, Moddable, Combat, Dwarf, Lore-Rich, Singleplayer, Exploration, Magic, Grand Strategy, Turn-Based Strategy, Co-op, Top-Down, Tactical RPG, Colorful"
1248130,Farming Simulator 22,"21 Nov, 2021","534.000,00₫",Very Positive,0.92,48400,"Simulation, Farming Sim, Co-op, Agriculture, Moddable, Multiplayer, Management, Sandbox, 3D, First-Person, Economy, Immersive Sim, Online Co-Op, Open World, Family Friendly, Character Customization, Nature, Horses, Third Person, America"
1943950,Escape the Backrooms,"11 Aug, 2022","120.000,00₫",Very Positive,0.91,52087,"Horror, Multiplayer, Online Co-Op, Psychological Horror, Co-op, Survival Horror, First-Person, Exploration, Adventure, VR, Action, Indie, Escape Room, Early Access, 3D, Singleplayer, Action-Adventure, Casual, Stealth, Dungeon Crawler"
266410,iRacing,"12 Jan, 2015","175.000,00₫",Very Positive,0.83,2203,"Racing, Automobile Sim, Simulation, VR, Sports, Driving, Massively Multiplayer, Multiplayer, Realistic, Singleplayer, Controller, eSports, First-Person, Action"
440,Team Fortress 2,"10 Oct, 2007",Free,Very Positive,0.93,1034678,"Free to Play, Hero Shooter, Multiplayer, FPS, Shooter, Action, Class-Based, Team-Based, Funny, First-Person, Online Co-Op, Competitive, Cartoony, Trading, Co-op, Comedy, Robots, Tactical, Cartoon, Crafting"
1371580,Myth of Empires,"21 Feb, 2024","470.000,00₫",Mostly Positive,0.73,10130,"Building, Open World Survival Craft, Sandbox, War, Open World, Survival, MMORPG, Base Building, Character Customization, Action-Adventure, RPG, Hack and Slash, Strategy, Third Person, Multiplayer, Historical, 3D, Action, Team-Based, Massively Multiplayer"
524220,NieR:Automata™,"17 Mar, 2017","833.000,00₫",Very Positive,0.87,91301,"Great Soundtrack, Story Rich, Female Protagonist, Hack and Slash, Action, RPG, Open World, JRPG, Anime, Post-apocalyptic, Singleplayer, Robots, Atmospheric, Sci-fi, Nudity, Adventure, Bullet Hell, Spectacle fighter, Character Action Game, Violent"
728880,Overcooked! 2,2018 年 8 月 7 日,"300.000,00₫",Very Positive,0.9,42592,"多人, 在线合作, 本地合作, 合作, 休闲, 欢乐, 烹饪, 独立, 4 人本地, 本地多人, 动作, 阖家, 可爱, 控制器, 喜剧, 困难, 单人, 模拟, 策略, 彩色"
739630,Phasmophobia,"18 Sep, 2020","160.000,00₫",Overwhelmingly Positive,0.96,539628,"Horror, Online Co-Op, Multiplayer, Psychological Horror, Co-op, VR, Supernatural, First-Person, Investigation, Dark, Demons, Detective, Mystery, 3D, Early Access, Thriller, Indie, Action, Tactical, Singleplayer"
924970,Back 4 Blood,"12 Oct, 2021","990.000,00₫",Mixed,0.66,39788,"Zombies, Online Co-Op, Multiplayer, Shooter, FPS, Action, Co-op, Gore, Horror, First-Person, Singleplayer, Survival, Blood, Violent, Adventure, Survival Horror, PvE, PvP, Roguelite, Replay Value"
686810,Hell Let Loose,"27 Jul, 2021","900.000,00₫",Very Positive,0.84,76702,"Shooter, World War II, Realistic, FPS, Multiplayer, War, Action, Singleplayer, Military, Tactical, Simulation, First-Person, Massively Multiplayer, Gore, Strategy, Historical, PvP, Mature, Violent, Indie"
275850,No Man's Sky,"12 Aug, 2016","705.000,00₫",Mostly Positive,0.77,222493,"Open World, Open World Survival Craft, Space, Exploration, Sci-fi, Survival, Procedural Generation, Adventure, First-Person, Sandbox, Singleplayer, Multiplayer, Atmospheric, Crafting, Space Sim, Indie, Action, Simulation, FPS, VR"
435150,Divinity: Original Sin 2 - Definitive Edition,"14 Sep, 2017","350.000,00₫",Overwhelmingly Positive,0.95,154167,"Tactical RPG, RPG, Turn-Based Strategy, Story Rich, Fantasy, Exploration, CRPG, Character Customization, Party-Based RPG, Strategy RPG, PvP, Female Protagonist, Co-op Campaign, Local Co-Op, Choices Matter, Isometric, Romance, Strategy, Moddable, Funny"
1693980,Dead Space,"27 Jan, 2023","990.000,00₫",Very Positive,0.91,32459,"Horror, Third-Person Shooter, Space, Sci-fi, Survival Horror, Shooter, Psychological Horror, Action-Adventure, Third Person, Atmospheric, Action, Singleplayer, Survival, Aliens, Remake, Dark, Adventure, Violent, Combat, Blood"
2349820,Hero's Land,"17 May, 2023",Free,Mixed,0.57,33603,"Survival, Open World, Free to Play, PvP, MOBA, MMORPG, Exploration, 2D Platformer, CRPG, Tactical RPG, Roguelite, Action RPG, Action-Adventure, RPG, Fishing, Top-Down, Cute, Action, Stylized, Building"
255710,Cities: Skylines,"10 Mar, 2015","498.000,00₫",Very Positive,0.93,187673,"City Builder, Simulation, Building, Management, Strategy, Sandbox, Singleplayer, Moddable, Economy, Resource Management, Mod, Realistic, Replay Value, Casual, Modern, Real-Time with Pause, Family Friendly, Great Soundtrack, Funny, Action"
2338770,NBA 2K24,"7 Sep, 2023","1.000.000,00₫",Mostly Negative,0.24,19370,"Sports, Basketball, Simulation, eSports, 3D, Realistic, Immersive Sim, Management, PvP, Character Customization, Controller, Team-Based, Trading, Co-op, Local Co-Op, Local Multiplayer, Multiplayer, Online Co-Op, Gambling, Singleplayer"
1304930,The Outlast Trials,"5 Mar, 2024","470.000,00₫",Very Positive,0.93,39642,"Horror, Multiplayer, Co-op, Survival Horror, Psychological Horror, First-Person, PvE, Character Customization, Stealth, Action, Action-Adventure, Survival, Dark Humor, Alternate History, Dark, Realistic, Atmospheric, Science, Adventure, Management"
1962663,Call of Duty®: Warzone™,"16 Nov, 2022",Free,Mostly Negative,0.32,31236,"Free to Play, Multiplayer, FPS, Battle Royale, Action, Shooter, Violent, First-Person, Gore, Singleplayer, Military, PvP, Online Co-Op, Survival, Co-op, Realistic, Open World, Third Person, Adventure, Atmospheric"
2231380,Tom Clancy's Ghost Recon® Breakpoint,"23 Jan, 2023","990.000,00₫",Mostly Positive,0.71,15286,"Action, Multiplayer, Open World, Shooter, Singleplayer, Co-op, Third-Person Shooter, Military, Adventure, Stealth, Realistic, Third Person, Online Co-Op, Character Customization, Tactical, Violent, FPS, Looter Shooter, Gore, Sexual Content"
962130,Grounded,"27 Sep, 2022","649.000,00₫",Very Positive,0.89,53549,"Survival, Multiplayer, Open World Survival Craft, Co-op, Base Building, Crafting, Adventure, Open World, Horror, Online Co-Op, Exploration, Action, Sandbox, First-Person, Singleplayer, RPG, Third Person, Early Access, Cute, Funny"
594570,Total War: WARHAMMER II,"28 Sep, 2017","1.061.500,00₫",Very Positive,0.93,82599,"Strategy, Fantasy, Turn-Based Strategy, RTS, Grand Strategy, War, Multiplayer, Games Workshop, Action, Turn-Based, Singleplayer, Dark Fantasy, Co-op, Tactical, Real Time Tactics, Story Rich, Atmospheric, Dwarf, Dinosaurs, Great Soundtrack"
1458140,Pacific Drive,"21 Feb, 2024","385.000,00₫",Very Positive,0.83,6135,"Story Rich, Survival, Action, Sci-fi, Exploration, Adventure, Survival Horror, Driving, Crafting, Atmospheric, First-Person, Post-apocalyptic, Transportation, Base Building, Sandbox, 3D, Simulation, Action-Adventure, Building, Investigation"
892970,Valheim,"2 Feb, 2021","188.000,00₫",Very Positive,0.94,378931,"Open World Survival Craft, Survival, Online Co-Op, Open World, Multiplayer, Building, Crafting, Exploration, Base Building, Co-op, Sandbox, Adventure, Mythology, RPG, Early Access, Action, PvE, Indie, Singleplayer, Third Person"
367520,Hollow Knight,"24 Feb, 2017","165.000,00₫",Overwhelmingly Positive,0.97,301009,"Metroidvania, Souls-like, Platformer, Great Soundtrack, Difficult, 2D, Indie, Singleplayer, Atmospheric, Exploration, Adventure, Story Rich, Hand-drawn, Action, Multiple Endings, Dark Fantasy, Open World, Cute, Controller, Side Scroller"
671860,BattleBit Remastered,"15 Jun, 2023","253.500,00₫",Very Positive,0.89,110198,"FPS, Multiplayer, Shooter, Military, Destruction, Massively Multiplayer, PvP, Action, War, Tactical, First-Person, Team-Based, Combat, Class-Based, Gun Customization, Character Customization, 3D, Indie, Voxel, Early Access"
526870,Satisfactory,"8 Jun, 2020","385.000,00₫",Overwhelmingly Positive,0.97,133335,"Base Building, Automation, Open World, Multiplayer, Crafting, Co-op, Resource Management, Building, Sandbox, Exploration, Adventure, Open World Survival Craft, Early Access, Simulation, Survival, First-Person, Strategy, Sci-fi, Singleplayer, Indie"
703080,Planet Zoo,"5 Nov, 2019","721.500,00₫",Very Positive,0.9,64511,"Management, Simulation, Building, Sandbox, Nature, City Builder, Economy, Realistic, Singleplayer, Family Friendly, Cute, Resource Management, Strategy, Great Soundtrack, Multiplayer, Relaxing, Open World, Casual, Funny, Horses"
2369390,Far Cry® 6,"11 May, 2023","990.000,00₫",Mostly Positive,0.72,16441,"Open World, FPS, Action, Adventure, Online Co-Op, Shooter, Multiplayer, Singleplayer, Co-op, Action-Adventure, Exploration, 3D, Combat, Female Protagonist, PvE, First-Person, Crafting, Atmospheric, Modern, Sandbox"
550,Left 4 Dead 2,"16 Nov, 2009","142.000,00₫",Overwhelmingly Positive,0.97,628468,"Zombies, Co-op, FPS, Multiplayer, Shooter, Online Co-Op, Action, Survival, Horror, First-Person, Gore, Team-Based, Moddable, Survival Horror, Post-apocalyptic, Singleplayer, Adventure, Local Co-Op, Replay Value, Tactical"
805550,Assetto Corsa Competizione,29 mai 2019,"460.000,00₫",Very Positive,0.92,20837,"Course, Simulation automobile, Simulation, Multijoueur, VR, Conduite, Réaliste, Sport, Jeu solo, Contrôleur, E-sport, Monde ouvert, Accès anticipé, 1ʳᵉ personne, Compétitif, Coop en ligne, Atmosphère, Modable, Difficile, Action"
632360,Risk of Rain 2,"11 Aug, 2020","220.000,00₫",Overwhelmingly Positive,0.96,178879,"Third-Person Shooter, Action Roguelike, Multiplayer, Co-op, Action, Roguelite, Looter Shooter, Roguelike, Loot, Online Co-Op, Shooter, Difficult, Third Person, Indie, Survival, Great Soundtrack, Singleplayer, Soundtrack, Early Access, Bullet Hell"
1222140,Detroit: Become Human,"18 Jun, 2020","660.000,00₫",Very Positive,0.94,93280,"Choices Matter, Story Rich, Multiple Endings, Cinematic, Singleplayer, Emotional, Adventure, Sci-fi, Robots, Futuristic, Beautiful, Great Soundtrack, Atmospheric, Third Person, Dynamic Narration, Replay Value, Cyberpunk, Narration, Female Protagonist, Violent"
1190970,House Flipper 2,"14 Dec, 2023","438.500,00₫",Mostly Positive,0.77,5538,"Simulation, Building, Design & Illustration, Casual, Relaxing, Sandbox, Destruction, Family Friendly, Immersive Sim, Education, First-Person, 3D, Indie, Management, Singleplayer, Base Building, Colorful, Replay Value, Economy, Realistic"
601150,Devil May Cry 5,"7 Mar, 2019","705.000,00₫",Overwhelmingly Positive,0.95,79451,"Action, Hack and Slash, Great Soundtrack, Character Action Game, Demons, Spectacle fighter, Third Person, Singleplayer, Violent, Nudity, Stylized, Story Rich, Sexual Content, Classic, Difficult, Gore, Controller, Multiplayer, Adventure, Anime"
1001270,Kebab Chefs! - Restaurant Simulator,"19 Jan, 2024","239.000,00₫",Very Positive,0.89,1549,"Early Access, Multiplayer, Simulation, Cooking, Physics, Sandbox, Management, Time Management, Funny, Immersive Sim, FPS, Building, Life Sim, Crafting, Character Customization, 3D, Party-Based RPG, First-Person, Open World, Relaxing"
1332010,Stray,"19 Jul, 2022","379.000,00₫",Overwhelmingly Positive,0.97,121354,"Cats, Adventure, Cyberpunk, Atmospheric, Singleplayer, Cute, Exploration, Robots, Third Person, Beautiful, Puzzle, Horror, Sci-fi, Indie, Dystopian , Open World, Mystery, Action, Colorful, Stealth"
244210,Assetto Corsa,"19 Dec, 2014","260.000,00₫",Very Positive,0.92,91249,"Racing, Automobile Sim, Simulation, Driving, Multiplayer, Realistic, VR, Sports, Moddable, Controller, Open World, Physics, Singleplayer, First-Person, Indie, Replay Value, Action, 3D Vision, TrackIR, Artificial Intelligence"
1562430,DREDGE,"30 Mar, 2023","500.000,00₫",Overwhelmingly Positive,0.95,24444,"Exploration, Fishing, Lovecraftian, Adventure, Open World, Mystery, Inventory Management, RPG, Atmospheric, Simulation, Psychological Horror, Horror, Singleplayer, Stylized, Survival Horror, Psychological, Story Rich, 3D, Sailing, Indie"
2420110,Horizon Forbidden West™ Complete Edition,"21 Mar, 2024","1.399.000,00₫",,,,"Action, Singleplayer, Open World, RPG, Female Protagonist, Post-apocalyptic, Exploration, Third Person, Story Rich, Sci-fi, Robots, Action RPG, Atmospheric, Adventure, Great Soundtrack, LGBTQ+, Controller"
1222680,Need for Speed™ Heat,"4 Jun, 2020","1.650.000,00₫",Very Positive,0.84,86114,"Racing, Open World, Multiplayer, Driving, Action, Singleplayer, Adventure, Co-op, Combat Racing, Atmospheric, Third Person, Arcade, Online Co-Op, Sports, PvP, First-Person, Character Customization, Controller, Split Screen, Destruction"
268910,Cuphead,"29 Sep, 2017","188.000,00₫",Overwhelmingly Positive,0.96,139264,"Difficult, Cartoon, Co-op, Platformer, Great Soundtrack, Local Co-Op, 2D, Hand-drawn, Multiplayer, Indie, Retro, Cartoony, Bullet Hell, Action, Shoot 'Em Up, Singleplayer, Side Scroller, Colorful, Funny, Souls-like"
1286830,STAR WARS™: The Old Republic™,"21 Jul, 2020",Free,Very Positive,0.89,59051,"Free to Play, MMORPG, Multiplayer, Character Customization, Open World, RPG, Story Rich, Massively Multiplayer, Choices Matter, Sci-fi, Adventure, Space, Action, Third Person, PvP, Atmospheric, Action RPG, Party-Based RPG, Great Soundtrack, CRPG"
960170,DJMAX RESPECT V,"11 Mar, 2020","1.042.000,00₫",Very Positive,0.88,21547,"Rhythm, Casual, Music, Action, Sports, Anime, Great Soundtrack, Multiplayer, Sexual Content, Singleplayer, Competitive, Difficult, Arcade, 2D, Early Access, Cute, Nudity, Hentai, Mature"
1407200,World of Tanks,"28 Apr, 2021",Free,Very Positive,0.85,74552,"Tanks, Free to Play, Action, Vehicular Combat, Military, PvP, Multiplayer, Massively Multiplayer, Team-Based, Tactical, War, Historical, World War II, Simulation, Co-op, Realistic, Shooter, Third Person, Third-Person Shooter, PvE"
1172380,STAR WARS Jedi: Fallen Order™,"14 Nov, 2019","950.000,00₫",Very Positive,0.88,118495,"Action-Adventure, Souls-like, Third Person, Story Rich, Swordplay, Open World, Exploration, Sci-fi, Action, Platformer, Space, RPG, Fighting, Metroidvania, Adventure, Puzzle, Fantasy, Atmospheric, Hack and Slash, Family Friendly"
782330,DOOM Eternal,"19 Mar, 2020","499.000,00₫",Very Positive,0.91,159837,"Action, FPS, Gore, Great Soundtrack, Fast-Paced, Demons, Violent, Shooter, First-Person, Singleplayer, Blood, Multiplayer, Sci-fi, Post-apocalyptic, Atmospheric, Mature, Story Rich, Difficult, Adventure, Horror"
1049590,Eternal Return,"19 Jul, 2023",Free,Mostly Positive,0.78,55108,"Free to Play, Anime, MOBA, Multiplayer, Survival, PvP, Combat, Top-Down, Crafting, Action, 3D, Strategy, Tactical, Character Customization, Indie, Experimental, Point & Click, Early Access, Sexual Content, MMORPG"
2362300,Train Sim World® 4,"26 Sep, 2023","585.000,00₫",Mostly Positive,0.76,1531,"Simulation, Adventure, Trains, Automobile Sim, Realistic, First-Person, Immersive Sim, Driving, Atmospheric, Family Friendly, Relaxing, Transportation, Open World, Physics, Singleplayer, Story Rich, Multiplayer, Mature, VR"
2140330,Madden NFL 24,"17 Aug, 2023","1.090.000,00₫",Mixed,0.44,5548,"Sports, Simulation, Football (American), Strategy, PvP, Co-op, Singleplayer, Multiplayer, Local Multiplayer, Local Co-Op, NSFW"
393380,Squad,"23 Sep, 2020","390.000,00₫",Very Positive,0.83,125180,"Military, Realistic, FPS, Multiplayer, Tactical, Team-Based, Shooter, War, First-Person, Action, Massively Multiplayer, Strategy, Modern, Simulation, Base Building, Wargame, Open World, Atmospheric, Immersive Sim, PvP"
1846380,Need for Speed™ Unbound,"1 Dec, 2022","1.090.000,00₫",Mixed,0.63,22960,"Racing, Action, Multiplayer, Open World, Character Customization, Driving, Singleplayer, Combat Racing, Arcade, Controller, Casual, Online Co-Op, Simulation, Atmospheric, Adventure, Anime, Sports, Immersive, Music, Split Screen"
1240440,Halo Infinite,"15 Nov, 2021",Free,Mostly Positive,0.7,169031,"Free to Play, FPS, Multiplayer, Singleplayer, Shooter, Action, First-Person, Sci-fi, Open World, Co-op, PvP, Competitive, Story Rich, Space, Adventure, Aliens, Lore-Rich, Cinematic, Atmospheric, Soundtrack"
251570,7 Days to Die,"13 Dec, 2013","220.000,00₫",Very Positive,0.88,208223,"Early Access, Survival, Zombies, Multiplayer, Open World, Open World Survival Craft, Voxel, Base Building, Post-apocalyptic, Online Co-Op, Exploration, Building, Sandbox, Simulation, FPS, Strategy, Character Customization, Action, Tower Defense, Procedural Generation"
668580,Atomic Heart,"20 Feb, 2023","800.000,00₫",Very Positive,0.84,22739,"Sexual Content, Horror, FPS, Puzzle, Mystery, Robots, Singleplayer, Shooter, Action, Sci-fi, First-Person, Action-Adventure, Open World, Exploration, Alternate History, Atmospheric, Gore, Action RPG, Cyberpunk, RPG"
678950,DRAGON BALL FighterZ,"26 Jan, 2018","790.000,00₫",Very Positive,0.91,48395,"Fighting, Anime, Action, 2D Fighter, Multiplayer, Local Multiplayer, Competitive, Controller, PvP, Singleplayer, Arcade, eSports, Difficult, Fast-Paced, Spectacle fighter, Combat, Comic Book, Third Person, Beat 'em up, Adventure"
2252570,Football Manager 2024,6 nov. 2023,"990.000,00₫",Very Positive,0.88,5903,"Simulation, Sport, Stratégie, Football, Gestion, E-sport, Tactique en temps réel, 3D, Multijoueur, Économie, 2D, Basé sur du texte, Jeu solo"
1063730,New World,"28 Sep, 2021","1.000.000,00₫",Mostly Positive,0.7,233810,"Open World, Massively Multiplayer, MMORPG, RPG, Adventure, Action, PvP, PvE, Multiplayer, Fantasy, Walking Simulator, Character Customization, Crafting, Third Person, Co-op, Open World Survival Craft, Sandbox, Violent, Sexual Content, Singleplayer"
208650,Batman™: Arkham Knight,"23 Jun, 2015","188.000,00₫",Very Positive,0.9,77327,"Action, Open World, Superhero, Stealth, Adventure, Third Person, Singleplayer, Detective, Fighting, Story Rich, Atmospheric, Dark, Comic Book, Beat 'em up, Puzzle, Mature, Sandbox, Horror, Strategy, Epic"
2290180,Riders Republic,"8 Jun, 2023","690.000,00₫",Very Positive,0.84,11695,"Open World, Racing, Sports, Massively Multiplayer, Multiplayer, PvP, Bikes, Third Person, Snowboarding, Skiing, Cycling, BMX, First-Person, Online Co-Op, Co-op, Singleplayer, Colorful, Skateboarding, Free to Play"
107410,Arma 3,"12 Sep, 2013","750.000,00₫",Very Positive,0.91,152054,"Military, Action, Multiplayer, Simulation, Shooter, Realistic, First-Person, Open World, Tactical, FPS, War, Co-op, Strategy, Sandbox, Singleplayer, Moddable, Combat, Online Co-Op, Team-Based, Third-Person Shooter"
202970,Call of Duty®: Black Ops II,"12 Nov, 2012","1.363.500,00₫",Very Positive,0.86,18648,"Action, Multiplayer, FPS, Shooter, First-Person, Singleplayer, Co-op, War, Online Co-Op, Team-Based, Futuristic, Controller, Survival, Tactical, Adventure, Great Soundtrack, Sci-fi, Horror, Massively Multiplayer, Atmospheric"
315210,Suicide Squad: Kill the Justice League,"2 Feb, 2024","1.490.000,00₫",Mostly Positive,0.77,4727,"Online Co-Op, Superhero, Action, Third-Person Shooter, Looter Shooter, Multiplayer, PvE, Open World, Shooter, Third Person, Villain Protagonist, Violent, Gore, Capitalism, Singleplayer, Casual, Comic Book, Comedy, Psychological Horror, Story Rich"
1817190,Marvel’s Spider-Man: Miles Morales,"18 Nov, 2022","1.159.000,00₫",Very Positive,0.93,22767,"Action, Open World, Superhero, Singleplayer, Adventure, Third Person, Combat, Parkour, Story Rich, Exploration, Stealth, Action-Adventure, Comic Book, Beat 'em up, Multiplayer, Great Soundtrack, Sci-fi, RPG, Beautiful, Mature"
2671060,Crusader Kings III: Legends of the Dead,"4 Mar, 2024","332.000,00₫",Mixed,0.46,718,"Strategy, RPG, Simulation"
1235140,Yakuza: Like a Dragon,"10 Nov, 2020","1.280.000,00₫",Overwhelmingly Positive,0.95,20806,"RPG, Adventure, Action, Turn-Based Combat, JRPG, Turn-Based, Story Rich, Open World, Singleplayer, Funny, Crime, Comedy, Great Soundtrack, Violent, Sexual Content, Minigames, Drama, Nudity, Third Person, Anime"
286160,Tabletop Simulator,"5 Jun, 2015","188.000,00₫",Overwhelmingly Positive,0.96,38192,"Tabletop, Board Game, Simulation, Multiplayer, Sandbox, Card Game, VR, Trading Card Game, Physics, Moddable, 3D, Casual, Strategy, Online Co-Op, Wargame, Co-op, Funny, RPG, First-Person, Indie"
949230,Cities: Skylines II,"24 Oct, 2023","830.000,00₫",Mixed,0.56,35188,"Simulation, City Builder, Building, Singleplayer, Sandbox, Management, Economy, Strategy, Realistic, Moddable, Relaxing, Resource Management, Casual, Transportation, Atmospheric, Multiplayer, Early Access, Open World, Great Soundtrack, Mod"
1721470,Poppy Playtime,"12 Oct, 2021",Free,Very Positive,0.82,69923,"Horror, Singleplayer, Free to Play, Multiplayer, Puzzle, First-Person, Survival Horror, Dark, Mystery, Survival, Psychological Horror, Indie, Lore-Rich, 1980s, Thriller, Atmospheric, Adventure, Action, Cartoony, Action-Adventure"
552990,World of Warships,"15 Nov, 2017",Free,Mostly Positive,0.77,137284,"Naval Combat, Free to Play, Naval, World War II, Massively Multiplayer, Action, Multiplayer, Tactical, PvP, Historical, Military, Online Co-Op, Team-Based, Realistic, Shooter, Simulation, PvE, Third-Person Shooter, War, Co-op"
1401590,Disney Dreamlight Valley,"5 Dec, 2023","890.000,00₫",Very Positive,0.91,14128,"Relaxing, Life Sim, Adventure, Exploration, Character Customization, Simulation, Sandbox, Singleplayer, Fantasy, Immersive Sim, Casual, Story Rich, Cooking, Family Friendly, Farming Sim, Fishing, Crafting, Magic, 3D, Choose Your Own Adventure"
438100,VRChat,"1 Feb, 2017",Free,Mostly Positive,0.74,213149,"VR, Free to Play, Multiplayer, Memes, Anime, Funny, Massively Multiplayer, First-Person, Early Access, Open World, Simulation, Casual, Adventure, MMORPG, Comedy, Sandbox, Action, Dating Sim, Survival Horror, Atmospheric"
513710,SCUM,"29 Aug, 2018","565.000,00₫",Mostly Positive,0.75,80741,"Survival, Open World Survival Craft, Multiplayer, Open World, Zombies, Nudity, Massively Multiplayer, Action, Adventure, Realistic, Early Access, Crafting, Singleplayer, FPS, Violent, PvP, Gore, Third Person, Indie, RPG"
753640,Outer Wilds,"18 Jun, 2020","319.000,00₫",Overwhelmingly Positive,0.95,53868,"Exploration, Space, Mystery, Story Rich, Adventure, Great Soundtrack, Atmospheric, Puzzle, Open World, Singleplayer, Sci-fi, Indie, First-Person, Beautiful, Horror, Psychological Horror, Epic, Simulation, 3D, Action"
1244460,Jurassic World Evolution 2,"9 Nov, 2021","910.000,00₫",Very Positive,0.88,20829,"Dinosaurs, Building, Simulation, Management, Sandbox, Strategy, Singleplayer, City Builder, Economy, Sci-fi, Resource Management, Open World, Violent, Atmospheric, Sequel, Action, Survival, Base Building, Multiplayer, Casual"
2495450,Winter Memories,"5 Jan, 2024","188.000,00₫",Overwhelmingly Positive,0.96,4025,"Sexual Content, Hentai, Mature, Nudity, NSFW, FPS, RPG, Pixel Graphics, Casual, Simulation, Anime, JRPG, Singleplayer, Cute, Adventure, Visual Novel, Shooter, Dating Sim, 2D, Psychological Horror"
1716740,Starfield,"5 Sep, 2023","1.290.000,00₫",Mixed,0.61,95356,"Space, Singleplayer, RPG, Open World, Sci-fi, Exploration, First-Person, Story Rich, Action-Adventure, Character Customization, Third Person, Adventure, Action RPG, Atmospheric, Space Sim, Action, Moddable, Cinematic, Realistic, Great Soundtrack"
646570,Slay the Spire,2019 年 1 月 23 日,"312.000,00₫",Overwhelmingly Positive,0.97,129068,"牌组构建式类 Rogue, 卡牌游戏, 卡牌战斗, 类 Rogue, 牌组构建, 回合制, 策略, 单人, 轻度 Rogue, 重玩价值, 独立, 困难, 迷宫探索, 角色扮演, 仅鼠标, 好评原声音轨, 2D, 程序生成, 奇幻, 休闲"
1659420,UNCHARTED™: Legacy of Thieves Collection,"19 Oct, 2022","1.159.000,00₫",Very Positive,0.89,12522,"Adventure, Action-Adventure, Story Rich, Singleplayer, Third Person, Third-Person Shooter, Action, Puzzle, Controller, Shooter, Multiplayer, Exploration, Cinematic, Parkour, Stealth, Atmospheric, Female Protagonist, Combat, Funny, Platformer"
1608070,CRISIS CORE –FINAL FANTASY VII– REUNION,"13 Dec, 2022","1.190.000,00₫",Very Positive,0.9,4239,"Action, RPG, Adventure, JRPG, Action RPG, Action-Adventure, Party-Based RPG, 3D Platformer, Spectacle fighter, 3D, Cinematic, Third Person, Realistic, Drama, Fantasy, Magic, Sci-fi, Singleplayer, Story Rich, Controller"
223750,DCS World Steam Edition,"2 Aug, 2013",Free,Very Positive,0.86,31657,"Simulation, Flight, Free to Play, Military, Multiplayer, Realistic, VR, War, Open World, Singleplayer, Shooter, Action, Co-op, TrackIR, Sandbox, First-Person, Tanks, Strategy, FPS, Massively Multiplayer"
2661270,Dead by Daylight - All Things Wicked Chapter,"12 Mar, 2024","96.000,00₫",Very Positive,0.89,395,"Action, Violent, Gore, Horror"
2000950,Call of Duty®: Modern Warfare®,"8 Mar, 2023","1.490.000,00₫",Mostly Positive,0.77,12504,"Action, Singleplayer, FPS, Multiplayer, Shooter, Military, First-Person, Modern, Tactical, Story Rich, Gun Customization, PvP, Co-op, Gore, Violent, Online Co-Op, Realistic, Battle Royale, Sexual Content, Zombies"
367500,Dragon's Dogma: Dark Arisen,"15 Jan, 2016","398.000,00₫",Very Positive,0.88,31510,"RPG, Open World, Character Customization, Fantasy, Action, Adventure, Singleplayer, Action RPG, Dragons, Third Person, Dark Fantasy, Magic, Exploration, Atmospheric, Great Soundtrack, Story Rich, Difficult, Multiplayer, JRPG, Hack and Slash"
2778580,ELDEN RING Shadow of the Erdtree,"20 Jun, 2024","799.000,00₫",,,,"Action, RPG, Souls-like, Lore-Rich, Fantasy, Dark, Adventure, Story Rich, Exploration, Third Person, Action RPG, PvE, Character Customization, Singleplayer, PvP, Online Co-Op, Difficult, Co-op, Multiplayer, 3D"
367500,Dragon's Dogma: Dark Arisen,"15 Jan, 2016","398.000,00₫",Very Positive,0.88,31510,"RPG, Open World, Character Customization, Fantasy, Action, Adventure, Singleplayer, Action RPG, Dragons, Third Person, Dark Fantasy, Magic, Exploration, Atmospheric, Great Soundtrack, Story Rich, Difficult, Multiplayer, JRPG, Hack and Slash"
2778580,ELDEN RING Shadow of the Erdtree,"20 Jun, 2024","799.000,00₫",,,,"Action, RPG, Souls-like, Lore-Rich, Fantasy, Dark, Adventure, Story Rich, Exploration, Third Person, Action RPG, PvE, Character Customization, Singleplayer, PvP, Online Co-Op, Difficult, Co-op, Multiplayer, 3D"
1384160,GUILTY GEAR -STRIVE-,"11 Jun, 2021","906.000,00₫",Very Positive,0.91,32965,"2D Fighter, Fighting, Anime, Great Soundtrack, PvP, 2.5D, Arcade, Lore-Rich, Action, 2D, Multiplayer, Story Rich, 3D, Local Multiplayer, Fantasy, Combat, Cinematic, Drama, Casual, Singleplayer"
1227890,Summer Memories,"14 Jun, 2020","188.000,00₫",Very Positive,0.92,14511,"Sexual Content, Nudity, Mature, Hentai, Pixel Graphics, Anime, FPS, RPG, Simulation, Multiple Endings, Visual Novel, Singleplayer, Time Management, 2D, JRPG, Adventure, RPGMaker, Indie, Funny, Memes"
1928980,Nightingale,"20 Feb, 2024","385.000,00₫",Mixed,0.61,9923,"Early Access, Multiplayer, Open World Survival Craft, Survival, Online Co-Op, Open World, Building, Crafting, Co-op, Exploration, Base Building, Adventure, RPG, First-Person, Action, Singleplayer, PvE, Realistic, Fantasy, Procedural Generation"
779340,Total War: THREE KINGDOMS,2019 年 5 月 23 日,"880.000,00₫",Very Positive,0.82,56327,"策略, 历史, 战争, 回合战略, 大战略, 即时战略, 军事, 多人, 战术, 单人, 即时战术, 动作, 回合制, 好评原声音轨, 合作, 模拟, 沙盒, 暴力, 奇幻, 破坏"
1681430,RoboCop: Rogue City,"2 Nov, 2023","670.000,00₫",Very Positive,0.91,7092,"FPS, Action, First-Person, Singleplayer, Shooter, Story Rich, Adventure, Cyberpunk, Atmospheric, Gore, Sci-fi, Soundtrack, Violent, RPG, Action RPG, Robots, Dystopian , Crime, Futuristic, Mature"
4000,Garry's Mod,"29 Nov, 2006","120.000,00₫",Overwhelmingly Positive,0.96,903535,"Sandbox, Moddable, Multiplayer, Physics, Building, Casual, Singleplayer, Funny, First-Person, Online Co-Op, Co-op, Simulation, FPS, Action, Shooter, Comedy, Indie, PvP, Realistic, Exploration"
1985810,Call of Duty®: Black Ops Cold War,"8 Mar, 2023","1.490.000,00₫",Very Positive,0.8,12301,"Action, FPS, Singleplayer, Multiplayer, Zombies, Shooter, First-Person, Military, Cold War, Co-op, Gun Customization, Tactical, PvP, Online Co-Op, Gore, Violent, PvE, War, Sexual Content, Story Rich"
239140,Dying Light,"26 Jan, 2015","329.000,00₫",Overwhelmingly Positive,0.95,296514,"Zombies, Survival Horror, Horror, Online Co-Op, Open World, Parkour, First-Person, Survival, Open World Survival Craft, Gore, FPS, Action, PvE, Stealth, PvP, Post-apocalyptic, Story Rich, Multiplayer, Hack and Slash, Action RPG"
1259420,Days Gone,"17 May, 2021","1.159.000,00₫",Very Positive,0.92,53945,"Open World, Zombies, Survival, Singleplayer, Post-apocalyptic, Multiplayer, Action, Action-Adventure, Third Person, Story Rich, Open World Survival Craft, Adventure, Horror, Motorbike, Crafting, Survival Horror, Third-Person Shooter, Violent, Gore, Cinematic"
1336490,Against the Storm,"8 Dec, 2023","399.000,00₫",Overwhelmingly Positive,0.95,21034,"City Builder, Strategy, Base Building, Simulation, Building, Resource Management, Management, Colony Sim, Sandbox, Survival, Roguelike, Moddable, Economy, Singleplayer, Open World, Roguelite, 2D, Automation, Fantasy, Indie"
418370,Resident Evil 7 Biohazard,"23 Jan, 2017","398.000,00₫",Very Positive,0.94,55146,"Horror, Survival Horror, First-Person, Singleplayer, Atmospheric, Zombies, Gore, Psychological Horror, Action, VR, Violent, Survival, Adventure, Puzzle, Story Rich, Multiplayer, FPS, Exploration, Shooter, Classic"
1238840,Battlefield™ 1,"11 Jun, 2020","950.000,00₫",Very Positive,0.86,122514,"FPS, Multiplayer, World War I, Singleplayer, War, Shooter, Action, First-Person, Atmospheric, Historical, PvP, Massively Multiplayer, Gore, Destruction, Tanks, Open World, Violent, Physics, Mature, Great Soundtrack"
1290000,PowerWash Simulator,"14 Jul, 2022","570.000,00₫",Overwhelmingly Positive,0.97,37946,"Casual, Relaxing, Simulation, First-Person, Sandbox, 3D, Multiplayer, Funny, Immersive Sim, Co-op, Story Rich, Family Friendly, Colorful, Online Co-Op, Realistic, Wholesome, Singleplayer, Indie, Cozy, Atmospheric"
1029690,Sniper Elite 5,"25 May, 2022","390.000,00₫",Very Positive,0.81,13139,"Action, Singleplayer, World War II, Multiplayer, Stealth, Sniper, Shooter, Co-op, Third-Person Shooter, Adventure, Gore, Action-Adventure, Violent, Third Person, War, Online Co-Op, Open World, FPS, Gun Customization, Sexual Content"
2138710,Sifu,"28 Mar, 2023","373.000,00₫",Very Positive,0.92,8669,"Action, Martial Arts, Beat 'em up, Difficult, Third Person, Souls-like, Singleplayer, Crime, Blood, Swordplay, Indie, Dark, Arcade, Dark Fantasy, Action Roguelike, War, Fighting, Hack and Slash, Action RPG, Action-Adventure"
756800,Contraband Police,"8 Mar, 2023","385.000,00₫",Overwhelmingly Positive,0.95,12897,"Open World, Action, First-Person, Multiple Endings, Simulation, Realistic, Singleplayer, 1980s, Automobile Sim, Story Rich, FPS, Survival, Management, Action-Adventure, Immersive Sim, Detective, Physics, Destruction, Atmospheric, Indie"
529340,Victoria 3,"25 Oct, 2022","830.000,00₫",Mixed,0.66,27479,"Grand Strategy, Historical, Political Sim, Economy, Strategy, Capitalism, Diplomacy, Management, Politics, Simulation, Alternate History, Moddable, Political, Real-Time with Pause, Resource Management, Replay Value, Singleplayer, Sandbox, Multiplayer, Military"
582160,Assassin's Creed® Origins,"26 Oct, 2017","990.000,00₫",Very Positive,0.86,90554,"Open World, Assassin, Action, RPG, Stealth, Adventure, Parkour, Historical, Singleplayer, Third Person, Story Rich, Action RPG, Exploration, Multiplayer, Atmospheric, Great Soundtrack, Heist, Nudity, Sexual Content, Co-op"
1605220,Dune: Spice Wars,"14 Sep, 2023","445.000,00₫",Mostly Positive,0.79,8651,"Management, Singleplayer, Sci-fi, Strategy, RTS, 4X, Simulation, Grand Strategy, Real Time Tactics, Building, Tactical, Economy, War, Diplomacy, Multiplayer, Base Building, Co-op, PvP, PvE, Indie"
346110,ARK: Survival Evolved,"27 Aug, 2017","205.000,00₫",Very Positive,0.83,513427,"Open World Survival Craft, Survival, Multiplayer, Open World, Dinosaurs, Crafting, Building, Adventure, Base Building, Co-op, Action, First-Person, Sandbox, Massively Multiplayer, Singleplayer, Early Access, RPG, Dragons, Sci-fi, Indie"
1476970,IdleOn - The Idle MMO,"2 Apr, 2021",Free,Mostly Positive,0.78,16006,"Idler, Management, Pixel Graphics, MMORPG, RPG, Crafting, Clicker, Resource Management, Sandbox, Free to Play, Multiplayer, Massively Multiplayer, Indie, Casual, Simulation, Early Access, Character Customization, Old School, PvE, Anime"
412020,Metro Exodus,"14 Feb, 2020","499.500,00₫",Very Positive,0.89,89045,"Post-apocalyptic, FPS, Open World, Singleplayer, Story Rich, Atmospheric, Action, First-Person, Survival, Horror, Shooter, Stealth, Adventure, Exploration, Survival Horror, Great Soundtrack, Violent, Gore, Psychological Horror, Sci-fi"
394510,HELLDIVERS™ Dive Harder Edition,"7 Dec, 2015","188.000,00₫",Very Positive,0.92,20205,"Online Co-Op, Co-op, Top-Down Shooter, Twin Stick Shooter, Local Co-Op, Action, Multiplayer, Sci-fi, 4 Player Local, Top-Down, Shooter, Comedy, Funny, Space, Difficult, Strategy, Isometric, Mechs, Survival, Hack and Slash"
2357570,Overwatch® 2,"10 Aug, 2023",Free,Overwhelmingly Negative,0.17,249376,"Hero Shooter, Free to Play, FPS, Multiplayer, Team-Based, PvP, First-Person, Dark Humor, Shooter, Action, Competitive, Co-op, PvE, Dystopian , Lore-Rich, Cinematic, Sci-fi, Casual, MOBA, Family Friendly"
2555190,Poppy Playtime - Chapter 3,"30 Jan, 2024","205.000,00₫",Very Positive,0.84,5660,"Adventure, Action, Indie, Horror, Puzzle, Singleplayer, First-Person, Dark, Survival Horror, Jump Scare, 3D, Violent, Mystery, Story Rich, Blood, Psychological Horror, Survival, Gore, Atmospheric, Action-Adventure"
2221490,Tom Clancy’s The Division® 2,"12 Jan, 2023","495.000,00₫",Mostly Positive,0.73,13375,"Multiplayer, Third-Person Shooter, Looter Shooter, Open World, Singleplayer, Action, Online Co-Op, Adventure, Shooter, RPG, Post-apocalyptic, Co-op, Massively Multiplayer, Loot, Survival, Character Customization, Military, Story Rich, PvP, PvE"
880940,Pummel Party,"20 Sep, 2018","205.000,00₫",Very Positive,0.89,38430,"Multiplayer, Funny, Online Co-Op, 4 Player Local, Board Game, Party Game, Casual, Minigames, Local Multiplayer, Co-op, Party, Local Co-Op, Action, Indie, Comedy, Tabletop, Controller, Gore, Colorful, Singleplayer"
2477340,Expeditions: A MudRunner Game,"5 Mar, 2024","549.000,00₫",Mixed,0.53,1050,"Moddable, Nature, Singleplayer, Exploration, Driving, Racing, Building, Science, Transportation, Physics, Automobile Sim, Open World, Base Building, Offroad, Simulation, Character Customization, Realistic, Multiplayer, Atmospheric, Adventure"
2384620,Out of the Park Baseball 25,"15 Mar, 2024","585.000,00₫",Positive,1.0,12,"Simulation, Sports, Strategy, Sandbox, Strategy RPG, Card Battler, Immersive Sim, 2D, 3D, Baseball, America, Management, Tactical, Historical, PvP, Resource Management, Trading, Multiplayer, Singleplayer, Competitive"
1850570,DEATH STRANDING DIRECTOR'S CUT,"30 Mar, 2022",,Very Positive,0.93,18657,"Story Rich, Open World, Walking Simulator, Atmospheric, Adventure, Exploration, Great Soundtrack, Action, Singleplayer, Post-apocalyptic, Cinematic, Third Person, Sci-fi, Horror, Action-Adventure, Relaxing, Multiplayer, Combat, Third-Person Shooter, Stealth"
1196590,Resident Evil Village,"6 May, 2021","881.000,00₫",Overwhelmingly Positive,0.95,70662,"Survival Horror, Horror, First-Person, Singleplayer, Sexual Content, Action, Zombies, Gore, Story Rich, Atmospheric, FPS, Violent, Dark, Survival, Psychological Horror, Adventure, VR, Open World, Multiplayer, Nudity"
2080690,Sunkenland,"25 Aug, 2023","260.000,00₫",Very Positive,0.82,14612,"Early Access, Open World Survival Craft, Survival, Co-op, Underwater, Base Building, Multiplayer, Crafting, Adventure, Open World, Exploration, Sandbox, FPS, PvE, Shooter, Post-apocalyptic, Realistic, Action, Trading, 3D"
374320,DARK SOULS™ III,"11 Apr, 2016","970.000,00₫",Very Positive,0.94,240335,"Souls-like, Dark Fantasy, Difficult, RPG, Atmospheric, Lore-Rich, Third Person, Exploration, Story Rich, Action RPG, Co-op, Great Soundtrack, Adventure, Action, PvP, Multiplayer, Open World, Singleplayer, Character Customization, Replay Value"
2426960,Summoners War,"7 Jan, 2024",Free,Mostly Positive,0.7,4359,"Free to Play, Strategy, RPG, RTS, Strategy RPG, Tactical RPG, Turn-Based Strategy, Turn-Based Tactics, Real Time Tactics, PvP, PvE, Tutorial, Lore-Rich, Turn-Based Combat, Fantasy, Colorful, Anime, Cinematic, Multiplayer, Party-Based RPG"
1938090,Call of Duty®,"27 Oct, 2022",,Mixed,0.57,541276,"FPS, Multiplayer, Shooter, Action, Singleplayer, Military, First-Person, War, Modern, Tactical, Violent, Co-op, Realistic, Story Rich, Atmospheric, Mature, Online Co-Op, Gore, Third-Person Shooter, Third Person"
400750,Call to Arms - Gates of Hell: Ostfront,"11 Jun, 2021","445.000,00₫",Very Positive,0.82,14173,"World War II, Strategy, Real Time Tactics, RTS, War, Singleplayer, Historical, Realistic, Level Editor, PvE, PvP, Multiplayer, Co-op, Military, Procedural Generation, Replay Value, Top-Down, Online Co-Op, Immersive, Action"
1361210,"Warhammer 40,000: Darktide","30 Nov, 2022","665.000,00₫",Mixed,0.67,76470,"Warhammer 40K, Gore, Online Co-Op, Adventure, PvE, Multiplayer, FPS, Shooter, Hack and Slash, Survival Horror, First-Person, Co-op, Character Customization, Action, Violent, Atmospheric, Sci-fi, Dark Fantasy, Looter Shooter, Horror"
457140,Oxygen Not Included,"30 Jul, 2019","220.000,00₫",Overwhelmingly Positive,0.96,105663,"Colony Sim, Base Building, Survival, Resource Management, Building, Singleplayer, Management, Simulation, 2D, Sandbox, Strategy, Space, Indie, Sci-fi, Exploration, Difficult, Open World, Multiplayer, Adventure, Space Sim"
1129580,Medieval Dynasty,"23 Sep, 2021","490.000,00₫",Very Positive,0.9,31240,"Multiplayer, Co-op, Open World, Medieval, Survival, RPG, Atmospheric, Singleplayer, Base Building, Simulation, Realistic, First-Person, Historical, Adventure, Action, Management, Sandbox, Indie, Relaxing, Horses"
848450,Subnautica: Below Zero,"13 May, 2021","385.000,00₫",Very Positive,0.91,78263,"Open World Survival Craft, Survival, Underwater, Singleplayer, Open World, Exploration, Horror, Base Building, Adventure, Crafting, First-Person, Survival Horror, Aliens, Sci-fi, Multiplayer, Atmospheric, Story Rich, Early Access, Great Soundtrack, Sandbox"
1997040,MARVEL SNAP,"22 Aug, 2023",Free,Very Positive,0.83,24552,"Card Battler, Free to Play, Strategy, Card Game, Multiplayer, PvP, Casual, Turn-Based Tactics, Superhero, Deckbuilding, Comic Book, Stylized, Trading Card Game, Early Access, Mouse only, Nudity, Co-op"
1289670,,,"115.000,00₫",,,,
960090,Bloons TD 6,"17 Dec, 2018","160.000,00₫",Overwhelmingly Positive,0.97,263384,"Tower Defense, Strategy, Multiplayer, Singleplayer, Online Co-Op, Co-op, Family Friendly, Casual, 3D, Cartoony, Sandbox, Great Soundtrack, Difficult, Funny, Cute, Survival, Action, Indie, 2D, Adventure"
47890,The Sims™ 3,"27 Jan, 2011","188.000,00₫",Very Positive,0.86,27618,"Life Sim, Simulation, Character Customization, Building, Sandbox, Singleplayer, Casual, Funny, Moddable, Romance, RPG, Family Friendly, Comedy, Adventure, Replay Value, Multiplayer, Nudity, Great Soundtrack, Strategy, Action"
1057090,Ori and the Will of the Wisps,"10 Mar, 2020","250.000,00₫",Overwhelmingly Positive,0.96,115232,"Beautiful, Metroidvania, Platformer, Great Soundtrack, Singleplayer, Action, Adventure, Atmospheric, Story Rich, Exploration, Cute, Action-Adventure, Puzzle, Emotional, 2D, Difficult, Indie, Fantasy, Open World, Souls-like"
699130,World War Z,"21 Sep, 2021","400.000,00₫",Very Positive,0.84,14247,"Zombies, Multiplayer, Online Co-Op, Action, Co-op, Singleplayer, Shooter, Third-Person Shooter, PvE, FPS, Survival Horror, Gun Customization, Character Customization, Post-apocalyptic, Gore, First-Person, Violent, Combat, Third Person, Class-Based"
440900,Conan Exiles,"8 May, 2018","320.000,00₫",Mostly Positive,0.78,66818,"Survival, Open World, Building, Nudity, Open World Survival Craft, Crafting, Multiplayer, Sandbox, RPG, Massively Multiplayer, Adventure, Action, Online Co-Op, Exploration, Violent, Singleplayer, Co-op, Fantasy, Gore, PvP"
1229490,ULTRAKILL,"3 Sep, 2020","321.000,00₫",Overwhelmingly Positive,0.98,91495,"Early Access, Boomer Shooter, Character Action Game, Fast-Paced, FPS, Blood, Spectacle fighter, Arena Shooter, Retro, Singleplayer, Shooter, First-Person, Difficult, Colorful, Score Attack, Cyberpunk, Action, Robots, Old School, 3D"
386360,SMITE®,"8 Sep, 2015",Free,Mostly Positive,0.79,115895,"Free to Play, MOBA, Multiplayer, Action, Third Person, Strategy, Mythology, MMORPG, Team-Based, Nostalgia, Competitive, Anime, PvP, Co-op, eSports, Massively Multiplayer, RPG, Casual, Adventure, Strategy RPG"
1435790,Escape Simulator,"19 Oct, 2021","205.000,00₫",Very Positive,0.94,11965,"Puzzle, Co-op, Escape Room, Multiplayer, First-Person, Adventure, Mystery, Controller, Casual, Family Friendly, Indie, Singleplayer, Simulation, Online Co-Op, Story Rich, Point & Click, Level Editor, Exploration, Investigation, 3D"
444200,World of Tanks Blitz,"9 Nov, 2016",Free,Mostly Positive,0.79,138006,"Tanks, Free to Play, Shooter, FPS, Strategy, Action, Massively Multiplayer, PvP, World War II, Multiplayer, War, Military, Online Co-Op, Competitive, 3D Platformer, Team-Based, Co-op, Realistic, Real Time Tactics, Singleplayer"
291550,Brawlhalla,"17 Oct, 2017",Free,Very Positive,0.82,357682,"Free to Play, Multiplayer, Fighting, 2D Fighter, Casual, 2D Platformer, Local Multiplayer, Co-op, Controller, Action, Platformer, Fantasy, Online Co-Op, Local Co-Op, Family Friendly, 4 Player Local, Cartoony, eSports, Singleplayer, Indie"
1190000,Car Mechanic Simulator 2021,"11 Aug, 2021","321.000,00₫",Overwhelmingly Positive,0.96,22455,"Simulation, Automobile Sim, Sandbox, Realistic, Moddable, Racing, Driving, 3D, Education, First-Person, Singleplayer, Immersive Sim, Puzzle, Open World, Atmospheric, Adventure, Minigames, Indie, Strategy, Great Soundtrack"
1432860,Sun Haven,"10 Mar, 2023","220.000,00₫",Very Positive,0.88,13470,"Farming Sim, Pixel Graphics, Multiplayer, RPG, Life Sim, Dating Sim, Character Customization, Relaxing, Agriculture, Adventure, Crafting, Singleplayer, Simulation, Fantasy, Magic, Mining, Exploration, Combat, Fishing, Cooking"
304390,FOR HONOR™,"14 Mar, 2024","490.000,00₫",Mixed,0.69,87306,"Medieval, Swordplay, Action, Multiplayer, Fighting, PvP, Third Person, War, Co-op, Gore, Singleplayer, Online Co-Op, Hack and Slash, Realistic, Strategy, Atmospheric, RPG, Fantasy, MOBA, Story Rich"
1971870,Mortal Kombat 1,"19 Sep, 2023","1.290.000,00₫",Mostly Positive,0.72,16127,"Action, Fighting, Gore, Blood, Multiplayer, Martial Arts, Violent, 2D Fighter, PvP, Arcade, Story Rich, Character Customization, Singleplayer, 2.5D, Atmospheric, Competitive, Mature, Horror, 3D, Local Co-Op"
1286680,Tiny Tina's Wonderlands,"23 Jun, 2022","1.000.000,00₫",Mostly Positive,0.75,11994,"Loot, Adventure, Shooter, Looter Shooter, Multiplayer, RPG, FPS, Fantasy, Online Co-Op, Action, Comedy, Co-op, Singleplayer, Character Customization, Narration, Stylized, PvE, Class-Based, Local Co-Op, 3D"
1973530,Limbus Company,"26 Feb, 2023",Free,Very Positive,0.82,29245,"Lore-Rich, Story Rich, RPG, Turn-Based Tactics, Turn-Based Combat, Strategy RPG, Visual Novel, Singleplayer, Strategy, Anime, PvE, Free to Play, Action, Turn-Based Strategy, 2D, Dark Fantasy, Roguelite, Sci-fi, Colorful, Cartoon"
767560,War Robots,"4 Apr, 2018",Free,Mixed,0.61,21442,"Free to Play, Robots, Multiplayer, Action, Shooter, Mechs, FPS, PvP, Controller, Massively Multiplayer, War, First-Person, Third-Person Shooter, Third Person, Co-op, Strategy, Singleplayer, VR, MMORPG, RPG"
1149460,ICARUS,"3 Dec, 2021","445.000,00₫",Mostly Positive,0.7,30327,"Survival, Open World Survival Craft, Multiplayer, Base Building, Online Co-Op, Crafting, Exploration, Open World, Building, Co-op, First-Person, PvE, Space, Realistic, Mining, Third Person, Sandbox, Adventure, Nature, Science"
242050,Assassin’s Creed® IV Black Flag™,,"660.000,00₫",Very Positive,0.88,56439,"Pirates, Open World, Assassin, Action, Adventure, Stealth, Parkour, Third Person, Naval, Multiplayer, Historical, Story Rich, Singleplayer, Exploration, Action-Adventure, Naval Combat, Atmospheric, RPG, Mature, Action RPG"
2311920,Crusader Kings III: Tours & Tournaments,"11 May, 2023","498.000,00₫",Mostly Positive,0.78,1273,"Strategy, RPG, Simulation, Medieval"
364360,Total War: WARHAMMER,"24 May, 2016","1.061.500,00₫",Mostly Positive,0.78,30926,"Strategy, Fantasy, RTS, War, Turn-Based Strategy, Games Workshop, Grand Strategy, Multiplayer, Tactical, Dark Fantasy, Action, Singleplayer, Turn-Based, Atmospheric, Dwarf, Co-op, Story Rich, Open World, RPG, Gore"
1826140,RimWorld - Biotech,"21 Oct, 2022","300.000,00₫",Very Positive,0.93,2375,"Indie, Strategy, Simulation, Colony Sim, Singleplayer, Moddable"
1895880,Ratchet & Clank: Rift Apart,"26 Jul, 2023","1.399.000,00₫",Very Positive,0.89,5518,"Adventure, 3D Platformer, Singleplayer, Action-Adventure, Third Person, Family Friendly, Action, Third-Person Shooter, Sci-fi, Platformer, Funny, Shooter, Cartoony, Female Protagonist, Cute, Open World, Colorful, Story Rich"
1973710,ヘブンバーンズレッド,"10 Aug, 2022",Free,Very Positive,0.87,3553,"Drama, Visual Novel, Emotional, Turn-Based Tactics, Female Protagonist, CRPG, JRPG, Choose Your Own Adventure, Exploration, Party-Based RPG, RPG, Cute, 2D, Story Rich, 3D, Anime, Choices Matter, Adventure, Comedy, Free to Play"
1469610,Last Train Home,"28 Nov, 2023","470.000,00₫",Very Positive,0.87,2319,"Strategy, RTS, Real Time Tactics, Historical, Trains, 3D, Choices Matter, War, Singleplayer, Wargame, World War I, Unforgiving, Survival, Atmospheric, Base Building, Realistic, Tactical, Isometric, Management, Multiple Endings"
2497920,A Difficult Game About Climbing,"6 Mar, 2024","142.000,00₫",Very Positive,0.88,1397,"Difficult, Precision Platformer, Psychological Horror, Physics, Funny, Parkour, Singleplayer, Indie, Platformer, Surreal, Third Person, Philosophical, Action, Survival, Linear, Nature, 2.5D, 2D Platformer, 2D"
1244090,Sea of Stars,"28 Aug, 2023","445.000,00₫",Very Positive,0.88,7033,"RPG, Pixel Graphics, Turn-Based Combat, Adventure, JRPG, Story Rich, 2D, Turn-Based, Retro, Singleplayer, Fantasy, Indie, Lore-Rich, Funny, Comedy, Exploration, Colorful, Emotional, Female Protagonist, Kickstarter"
493520,GTFO,"9 Dec, 2021","310.000,00₫",Very Positive,0.87,38114,"Online Co-Op, Horror, Co-op, FPS, Difficult, Shooter, Multiplayer, Survival Horror, Action, Stealth, Tactical, Team-Based, Gore, First-Person, Zombies, PvE, Character Customization, Atmospheric, Violent, Replay Value"
637650,FINAL FANTASY XV WINDOWS EDITION,"6 Mar, 2018","1.135.000,00₫",Very Positive,0.83,37345,"RPG, Open World, JRPG, Fantasy, Story Rich, Great Soundtrack, Singleplayer, Adventure, Action, Multiplayer, Action RPG, Third Person, Anime, Hack and Slash, Atmospheric, Online Co-Op, Co-op, Violent, First-Person, Nudity"
552520,Far Cry® 5,"26 Mar, 2018","990.000,00₫",Very Positive,0.8,138632,"Action-Adventure, Open World, Multiplayer, Co-op, FPS, Shooter, Exploration, Realistic, First-Person, America, Story Rich, Hunting, 3D, Action, Adventure, Stealth, Survival, Atmospheric, Nature, Psychedelic"
1222700,A Way Out,"18 Jun, 2020","700.000,00₫",Very Positive,0.85,39402,"Online Co-Op, Co-op, Split Screen, Story Rich, Local Co-Op, Action-Adventure, Multiplayer, Action, Adventure, Crime, Third Person, Emotional, Conversation, Atmospheric, Nudity, Cinematic, Sexual Content, Violent, Singleplayer, Indie"
1062090,Timberborn,"15 Sep, 2021","321.000,00₫",Overwhelmingly Positive,0.95,22020,"City Builder, Colony Sim, Base Building, Survival, Building, Management, Resource Management, Automation, Sandbox, Stylized, Early Access, Singleplayer, Post-apocalyptic, Nature, Strategy, Level Editor, 3D, Simulation, Science, Physics"
49520,Borderlands 2,"20 Sep, 2012","334.500,00₫",Overwhelmingly Positive,0.95,187483,"Loot, Shooter, Action, Multiplayer, Co-op, Looter Shooter, FPS, RPG, First-Person, Funny, Comedy, Open World, Combat, Online Co-Op, Adventure, Action RPG, Dark Humor, Singleplayer, Memes, Sci-fi"
2325830,Total War: WARHAMMER III - Shadows of Change,"31 Aug, 2023","440.000,00₫",Mostly Negative,0.34,3063,"Strategy, Action, Dark Fantasy, Fantasy, RTS, Turn-Based Strategy, Grand Strategy, Atmospheric, Real Time Tactics, Psychological Horror, Singleplayer, Tactical, War, Online Co-Op, Colorful, Co-op, PvP, Multiplayer, Story Rich"
784080,MechWarrior 5: Mercenaries,"26 May, 2021","250.000,00₫",Very Positive,0.84,8601,"Mechs, Simulation, FPS, Action, Shooter, Co-op, Vehicular Combat, First-Person, Moddable, Destruction, 3D, Singleplayer, Online Co-Op, Combat, Futuristic, Tutorial, Economy, Management, PvE, Resource Management"
379430,Kingdom Come: Deliverance,"13 Feb, 2018","499.500,00₫",Very Positive,0.82,90209,"Medieval, RPG, Open World, Singleplayer, Realistic, Historical, Story Rich, Adventure, First-Person, Swordplay, Action, Nudity, Choices Matter, Choose Your Own Adventure, Atmospheric, Horses, Action RPG, Indie, Crowdfunded, Kickstarter"
427520,Factorio,"14 Aug, 2020","450.000,00₫",Overwhelmingly Positive,0.97,143132,"Automation, Base Building, Resource Management, Sandbox, Crafting, Strategy, Multiplayer, Survival, Management, Open World, Building, Co-op, 2D, Moddable, Singleplayer, Trains, Simulation, Pixel Graphics, City Builder, Indie"
1902690,Fate/Samurai Remnant,"28 Sep, 2023","1.190.000,00₫",Very Positive,0.91,3351,"JRPG, RPG, Anime, Action RPG, Action, Story Rich, Spectacle fighter, Magic, Historical, Drama, Multiple Endings, Singleplayer, Stylized, Musou, Hack and Slash, Visual Novel, Violent, Fantasy, Gore, Cute"
1092790,Inscryption,"19 Oct, 2021","250.000,00₫",Overwhelmingly Positive,0.96,99369,"Card Battler, Card Game, Story Rich, Deckbuilding, Horror, Dark, Puzzle, Strategy, Roguelite, Psychological, Roguelike, Surreal, Experimental, First-Person, Point & Click, 3D, 2D, FMV, Pixel Graphics, Adventure"
1629520,A Little to the Left,"8 Nov, 2022","165.000,00₫",Very Positive,0.91,6958,"Puzzle, Relaxing, Wholesome, Casual, Cute, Colorful, Cats, Funny, 2D, Logic, Singleplayer, Hand-drawn, Cozy, Indie, Hidden Object, Linear, Family Friendly, Pixel Graphics, Point & Click, Multiplayer"
477160,Human Fall Flat,"22 Jul, 2016","198.000,00₫",Very Positive,0.94,152004,"Co-op, Funny, Puzzle, Adventure, Physics, Sandbox, Action, Puzzle Platformer, Open World, Multiplayer, Local Co-Op, Indie, Comedy, Local Multiplayer, Parkour, Casual, Split Screen, 3D Platformer, Singleplayer, Simulation"
952060,Resident Evil 3,"2 Apr, 2020","817.000,00₫",Very Positive,0.81,53261,"Action, Zombies, Horror, Female Protagonist, Multiplayer, Survival Horror, Remake, Singleplayer, Third Person, Co-op, Gore, Third-Person Shooter, Violent, Story Rich, Atmospheric, Adventure, Sexual Content, Classic, Difficult, Great Soundtrack"
1604030,V Rising,"17 May, 2022","188.000,00₫",Very Positive,0.88,68294,"Early Access, Survival, Open World, Base Building, Vampire, Multiplayer, Crafting, PvP, PvE, Online Co-Op, Building, Hack and Slash, Sandbox, Exploration, Massively Multiplayer, Action, Action-Adventure, Adventure, Singleplayer, Dark Fantasy"
460930,Tom Clancy's Ghost Recon® Wildlands,"6 Mar, 2017","825.000,00₫",Very Positive,0.8,70412,"Open World, Shooter, Co-op, Multiplayer, Stealth, Tactical, Action, Singleplayer, Third-Person Shooter, Military, FPS, Online Co-Op, Third Person, Adventure, Survival, Strategy, Sandbox, First-Person, Atmospheric, PvP"
2238900,STAR OCEAN THE SECOND STORY R,"2 Nov, 2023","1.190.000,00₫",Overwhelmingly Positive,0.96,2019,"RPG, JRPG, Action RPG, Action, Pixel Graphics, PvE, 2D Platformer, Story Rich, 2D, Multiple Endings, Fantasy, Space, 1990's, Singleplayer, Remake, Retro, Anime, Sci-fi, 2.5D, Female Protagonist"
883710,Resident Evil 2,"24 Jan, 2019","538.000,00₫",Overwhelmingly Positive,0.96,102208,"Zombies, Survival Horror, Horror, Remake, Singleplayer, Third Person, Gore, Action, Atmospheric, Puzzle, Violent, Story Rich, Survival, Classic, Multiplayer, Female Protagonist, Dark, Adventure, Shooter, Difficult"
2731840,Call of Duty®: Modern Warfare® III - BlackCell (Season 2),"7 Feb, 2024","715.000,00₫",Mostly Negative,0.22,1257,"Action, Capitalism, Gore, Violent"
502500,ACE COMBAT™ 7: SKIES UNKNOWN,"31 Jan, 2019","1.060.000,00₫",Very Positive,0.87,31717,"Flight, Jet, Military, War, Shooter, Arcade, Cinematic, PvP, 3D, First-Person, Action, Simulation, Third Person, Story Rich, Multiplayer, Great Soundtrack, Singleplayer, Silent Protagonist, Sci-fi, Realistic"
1888160,ARMORED CORE™ VI FIRES OF RUBICON™,"24 Aug, 2023","998.000,00₫",Very Positive,0.9,51617,"Mechs, Character Customization, Action, Robots, Third Person, Combat, 3D, Fast-Paced, Sci-fi, Souls-like, Multiplayer, Futuristic, Post-apocalyptic, Singleplayer, Difficult, Vehicular Combat, Soundtrack, Military, Action-Adventure, Atmospheric"
632470,Disco Elysium - The Final Cut,"15 Oct, 2019","310.000,00₫",Very Positive,0.93,82632,"RPG, Story Rich, Choices Matter, Detective, Isometric, Atmospheric, Singleplayer, CRPG, Point & Click, Noir, Surreal, Exploration, Political, Adventure, Visual Novel, Indie, Funny, Open World, Character Customization, Sexual Content"
1113000,Persona 4 Golden,"13 Jun, 2020","380.000,00₫",Overwhelmingly Positive,0.97,58400,"JRPG, Great Soundtrack, Story Rich, Anime, Turn-Based Combat, RPG, Singleplayer, Party-Based RPG, Mystery, Emotional, Turn-Based Strategy, Multiple Endings, Detective, Dating Sim, Colorful, Adventure, Strategy, Visual Novel, Violent, Turn-Based"
1794680,Vampire Survivors,"20 Oct, 2022","70.000,00₫",Overwhelmingly Positive,0.98,214984,"Action Roguelike, Bullet Hell, Pixel Graphics, Roguelite, 2D, Indie, Vampire, Singleplayer, Casual, Arcade, Action, RPG, Controller, Retro, Score Attack, Roguelike, Action RPG, Dark Fantasy, Local Co-Op, 1980s"
976310,Mortal Kombat 11,"23 Apr, 2019","590.000,00₫",Very Positive,0.88,70583,"Fighting, Gore, Violent, Multiplayer, Blood, Action, 2D Fighter, Mature, Local Multiplayer, Competitive, Character Customization, Singleplayer, Story Rich, Great Soundtrack, Atmospheric, Cute, Sexual Content, Arcade, 2.5D, Horror"
692890,Roboquest,"7 Nov, 2023","258.000,00₫",Overwhelmingly Positive,0.95,11378,"FPS, Action Roguelike, Roguelite, Co-op, Shooter, Online Co-Op, Fast-Paced, Looter Shooter, Post-apocalyptic, Bullet Hell, Action, Indie, Sci-fi, Stylized, Perma Death, Colorful, Multiplayer, First-Person, Singleplayer, Roguelike"
1217060,Gunfire Reborn,"17 Nov, 2021","260.000,00₫",Very Positive,0.93,79797,"Roguelite, FPS, Online Co-Op, Co-op, Roguelike, Multiplayer, Looter Shooter, Indie, Action, Adventure, RPG, Shooter, Action Roguelike, First-Person, Dungeon Crawler, Replay Value, Singleplayer, Early Access, Fast-Paced, Loot"
323190,Frostpunk,"24 Apr, 2018","385.000,00₫",Very Positive,0.92,84288,"City Builder, Survival, Resource Management, Strategy, Post-apocalyptic, Steampunk, Colony Sim, Building, Base Building, Singleplayer, Simulation, Management, Choices Matter, Atmospheric, Economy, Dark, Difficult, RTS, Great Soundtrack, Real-Time with Pause"
860510,Little Nightmares II,"10 Feb, 2021","380.000,00₫",Very Positive,0.94,28479,"Horror, Adventure, Singleplayer, Puzzle, Dark, Atmospheric, Story Rich, Psychological Horror, Stealth, Action-Adventure, Puzzle Platformer, Indie, Platformer, Multiplayer, Great Soundtrack, 2.5D, Thriller, Action, Co-op, Violent"
620980,Beat Saber,"21 May, 2019","385.000,00₫",Overwhelmingly Positive,0.95,65560,"VR, Rhythm, Music, Moddable, Fast-Paced, First-Person, Indie, Singleplayer, Difficult, Multiplayer, Swordplay, Action, Sports, Futuristic, Casual, Games Workshop, Music-Based Procedural Generation, PvP, Great Soundtrack, Early Access"
368260,Marvel's Midnight Suns,"1 Dec, 2022","1.000.000,00₫",Very Positive,0.82,11881,"Superhero, Turn-Based Tactics, Deckbuilding, Tactical RPG, Turn-Based Strategy, Card Game, Turn-Based Combat, Strategy RPG, Character Customization, Tactical, RPG, Strategy, Card Battler, Adventure, Singleplayer, 3D, Third Person, Supernatural, Magic, Fantasy"
218620,PAYDAY 2,"13 Aug, 2013","142.000,00₫",Very Positive,0.89,425377,"Co-op, Action, FPS, Heist, Multiplayer, Looter Shooter, Online Co-Op, Stealth, Crime, Shooter, Team-Based, First-Person, Great Soundtrack, Gun Customization, Tactical, PvE, Strategy, Singleplayer, Funny, Simulation"
1426300,The Binding of Isaac: Repentance,"31 Mar, 2021","580.000,00₫",Very Positive,0.81,11227,"Action, Adventure, RPG, Roguelike, Difficult, Replay Value, Action Roguelike, Indie, Gore, Pixel Graphics, Singleplayer, Multiplayer, Dungeon Crawler, 2D, Roguelite, Dark, Procedural Generation, Great Soundtrack, Horror, Atmospheric"
2114740,神之亵渎2,2023 年 8 月 24 日,"600.000,00₫",Very Positive,0.93,6445,"冒险, 战斗, 类银河战士恶魔城, 类魂系列, 2D 平台, 横向滚屏, 困难, 砍杀, 低容错, 平台游戏, 2D, 像素图形, 动作角色扮演, 恐怖, 动作冒险, 故事架构丰富 , 剧情丰富, 非线性, 多结局, 动作"
1849250,EA SPORTS™ WRC,"2 Nov, 2023","890.000,00₫",Mostly Positive,0.7,4875,"Racing, Simulation, Automobile Sim, Sports, Offroad, Multiplayer, PvP, Singleplayer, Early Access, VR"
1544020,The Callisto Protocol™,"1 Dec, 2022","705.000,00₫",Mixed,0.64,27927,"Horror, Sci-fi, Survival Horror, Third-Person Shooter, Space, Shooter, Action-Adventure, Third Person, PvE, 3D, Action, Story Rich, Linear, Realistic, Adventure, Robots, Cinematic, Dark, Futuristic, Singleplayer"
